source,output_seed,defect_seed,defect_index,background_seed,background_index,stream,image_path,centerline_length_actual,centerline_length_mu,centerline_length_lower,centerline_length_upper,centerline_length_abs_error,centerline_length_covered,centerline_length_interval_width,mean_width_actual,mean_width_mu,mean_width_lower,mean_width_upper,mean_width_abs_error,mean_width_covered,mean_width_interval_width,max_width_actual,max_width_mu,max_width_lower,max_width_upper,max_width_abs_error,max_width_covered,max_width_interval_width,crack_area_actual,crack_area_mu,crack_area_lower,crack_area_upper,crack_area_abs_error,crack_area_covered,crack_area_interval_width,background_photo
procedural,10155001,10155,1,10078,1,perspective-area,renders/procedural/10155/001.jpg,100.73223114013672,100.4151840209961,97.02077372803979,104.3040204666122,0.317047119140625,1,7.283246738572416,0.8975409865379333,0.898061990737915,0.8696079067060225,0.9296524368166814,0.0005210041999816895,1,0.06004453011065891,1.144942045211792,1.105034589767456,1.0580672951537622,1.161142582379,0.03990745544433594,1,0.10307528722523784,90.4112777709961,89.54879760742188,86.0352396171038,93.51473611177789,0.8624801635742188,1,7.479496494674095,
procedural,10155002,10155,1,10144,2,perspective-area,renders/procedural/10155/002.jpg,100.73223114013672,100.00582122802734,96.55964464892713,103.89465767364345,0.726409912109375,1,7.335013024716318,0.8975409865379333,0.9035938382148743,0.87471073463918,0.9356584976086566,0.006052851676940918,1,0.06094776296947657,1.144942045211792,1.1067168712615967,1.0597498476761302,1.1620031062876137,0.03822517395019531,1,0.10225325861148349,90.4112777709961,90.10235595703125,86.53512570233579,94.06829446138727,0.30892181396484375,1,7.5331687590514775,
procedural,10155003,10155,1,10220,3,perspective-area,renders/procedural/10155/003.jpg,100.73223114013672,101.75491333007812,98.25620305531629,105.7627433926773,1.0226821899414062,1,7.5065403373610025,0.8975409865379333,0.8958492279052734,0.8669662314238238,0.9279138872990558,0.0016917586326599121,1,0.06094765587523199,1.144942045211792,1.1041933298110962,1.055808015511559,1.161134734221946,0.0407487154006958,1,0.10532671871038701,90.4112777709961,90.77789306640625,87.15617826357993,94.86547721651004,0.36661529541015625,1,7.709298952930112,
procedural,10155004,10155,1,10356,4,perspective-area,renders/procedural/10155/004.jpg,100.73223114013672,100.30353546142578,96.85735888232557,104.25143986903822,0.4286956787109375,1,7.394080986712652,0.8975409865379333,0.9054377675056458,0.8765547710241961,0.9375024268994281,0.007896780967712402,1,0.06094765587523199,1.144942045211792,1.0999873876571655,1.053020364071699,1.1552736226831826,0.044954657554626465,1,0.10225325861148349,90.4112777709961,90.6090087890625,87.04177853436704,94.63532705242687,0.19773101806640625,1,7.593548518059833,
procedural,10155005,10155,1,10398,5,perspective-area,renders/procedural/10155/005.jpg,100.73223114013672,100.56404113769531,97.169630844739,104.45287758331142,0.16819000244140625,1,7.283246738572416,0.8975409865379333,0.9043314456939697,0.8758773616620772,0.9363959979935075,0.006790459156036377,1,0.06051863633143029,1.144942045211792,1.105034589767456,1.058761398444176,1.1603205537652457,0.03990745544433594,1,0.10155915532106974,90.4112777709961,90.5527114868164,86.98548123212095,94.57902975018078,0.1414337158203125,1,7.593548518059833,
procedural,10155006,10155,1,10651,6,perspective-area,renders/procedural/10155/006.jpg,100.73223114013672,100.48960876464844,97.09520975712621,104.37844521026454,0.24262237548828125,1,7.283235453138332,0.8975409865379333,0.9035938382148743,0.8751398612772263,0.9356584976086566,0.006052851676940918,1,0.06051863633143029,1.144942045211792,1.1184935569763184,1.0708224020560237,1.1754349613871682,0.026448488235473633,1,0.10461255933114444,90.4112777709961,90.28062438964844,86.71339413495298,94.30694265301281,0.13065338134765625,1,7.593548518059833,
procedural,10155007,10155,1,10849,7,perspective-area,renders/procedural/10155/007.jpg,100.73223114013672,100.08024597167969,96.68584696415746,104.02815037929213,0.6519851684570312,1,7.342303415134666,0.8975409865379333,0.8984307646751404,0.8699767877374924,0.9300212107539068,0.0008897781372070312,1,0.06004442301641433,1.144942045211792,1.1041933298110962,1.0565221748908016,1.1603013224226402,0.0407487154006958,1,0.10377914753183859,90.4112777709961,88.99288940429688,85.4793314139788,92.95882790865289,1.4183883666992188,1,7.479496494674095,
procedural,10155008,10155,1,10994,8,perspective-area,renders/procedural/10155/008.jpg,100.73223114013672,100.04303741455078,96.59686083545057,103.93187386016689,0.6891937255859375,1,7.335013024716318,0.8975409865379333,0.9054377675056458,0.8765547710241961,0.9375024268994281,0.007896780967712402,1,0.06094765587523199,1.144942045211792,1.1184935569763184,1.0708224020560237,1.1754349613871682,0.026448488235473633,1,0.10461255933114444,90.4112777709961,90.03668212890625,86.46945187421079,94.06300039227062,0.37459564208984375,1,7.593548518059833,
procedural,10316001,10316,2,10100,1,perspective-area,renders/procedural/10316/001.jpg,118.33891296386719,121.18101501464844,116.9245668391759,126.35218147894193,2.84210205078125,1,9.427614639766034,0.5754179954528809,0.5779519081115723,0.534856113148706,0.6151467031036404,0.0025339126586914062,1,0.08029058995493443,0.6350799798965454,0.6566822528839111,0.5931079746634964,0.7179689173508166,0.021602272987365723,1,0.12486094268732018,68.0943374633789,70.59632110595703,66.80629126354688,74.80915694938085,2.501983642578125,1,8.002865685833967,
procedural,10316002,10316,2,10328,2,perspective-area,renders/procedural/10316/002.jpg,118.33891296386719,118.6504135131836,114.45747976073653,123.74500830721627,0.31150054931640625,1,9.287528546479734,0.5754179954528809,0.5720512866973877,0.5286383856763095,0.6097998660281974,0.003366708755493164,1,0.08116148035188786,0.6350799798965454,0.6465880870819092,0.581126232771652,0.7092377525044924,0.01150810718536377,1,0.1281115197328404,68.0943374633789,68.34454345703125,64.5545136146211,72.49429192893513,0.25020599365234375,1,7.939778314314026,
procedural,10316003,10316,2,10523,3,perspective-area,renders/procedural/10316/003.jpg,118.33891296386719,119.39470672607422,115.13825855060168,124.48930152010689,1.0557937622070312,1,9.351042969505215,0.5754179954528809,0.57500159740448,0.5319058024416137,0.611650211749172,0.0004163980484008789,1,0.07974440930755833,0.6350799798965454,0.6482704281806946,0.581845339550199,0.7109200936032778,0.01319044828414917,1,0.12907475405307878,68.0943374633789,69.39537048339844,65.60534064098829,73.60821863415185,1.3010330200195312,1,8.002877993163565,
procedural,10316004,10316,2,10550,4,perspective-area,renders/procedural/10316/004.jpg,118.33891296386719,120.13899993896484,115.75273541522256,125.31016640325834,1.8000869750976562,1,9.557430988035776,0.5754179954528809,0.5617251396179199,0.5166939374669397,0.5994737189487296,0.013692855834960938,1,0.08277978148178988,0.6350799798965454,0.6348114013671875,0.5669166621735258,0.6979219502904925,0.00026857852935791016,1,0.13100528811696677,68.0943374633789,67.74406433105469,63.83763176530556,71.9569124818081,0.35027313232421875,1,8.119280716502544,
procedural,10316005,10316,2,10669,5,perspective-area,renders/procedural/10316/005.jpg,118.33891296386719,119.91571044921875,115.52944592547647,125.1645545563133,1.5767974853515625,1,9.63510863083684,0.5754179954528809,0.5484486818313599,0.5014011092433606,0.587328390573461,0.026969313621520996,1,0.08592728133010041,0.6350799798965454,0.6196700930595398,0.5477060005453325,0.6860951816900354,0.015409886837005615,1,0.1383891811447029,68.0943374633789,66.24288177490234,62.33643690182362,70.51974034689556,1.8514556884765625,1,8.183303445071942,
procedural,10316006,10316,2,10688,6,perspective-area,renders/procedural/10316/006.jpg,118.33891296386719,120.21343231201172,115.8925443079188,125.46227641910627,1.8745193481445312,1,9.569732111187477,0.5754179954528809,0.5646754503250122,0.519972384939436,0.6029857389686626,0.010742545127868652,1,0.0830133540292266,0.6350799798965454,0.6381762027740479,0.5702811925521587,0.702687696604869,0.0030962228775024414,1,0.13240650405271026,68.0943374633789,68.7948989868164,64.9470985392727,73.07175755880962,0.7005615234375,1,8.12465901953692,
procedural,10316007,10316,2,10772,7,perspective-area,renders/procedural/10316/007.jpg,118.33891296386719,118.27826690673828,113.95737890264536,123.52711101383284,0.06064605712890625,1,9.569732111187477,0.5754179954528809,0.5646754503250122,0.5186465581914916,0.6035552661613579,0.010742545127868652,1,0.08490870796986627,0.6350799798965454,0.6331290602684021,0.5632272215366072,0.699070905569414,0.0019509196281433105,1,0.13584368403280678,68.0943374633789,67.44383239746094,63.53738752438221,71.72067866212456,0.6505050659179688,1,8.183291137742344,
procedural,10316008,10316,2,10994,8,perspective-area,renders/procedural/10316/008.jpg,118.33891296386719,119.39470672607422,114.94210642078542,124.80225789269389,1.0557937622070312,1,9.860151471908466,0.5754179954528809,0.5543493032455444,0.5062622739196172,0.5943922696723121,0.021068692207336426,1,0.08812999575269487,0.6350799798965454,0.6247172355651855,0.5517011469862609,0.6921187033849492,0.010362744331359863,1,0.14041755639868825,68.0943374633789,66.39299774169922,62.4270592373432,70.73481439931129,1.7013397216796875,1,8.307755161968089,
procedural,10558001,10558,3,10224,1,perspective-area,renders/procedural/10558/001.jpg,73.8900146484375,74.067138671875,70.40610999868113,78.1974721214574,0.1771240234375,1,7.791362122776263,0.9241170287132263,0.9275652170181274,0.8964422373169683,0.9626206973803946,0.003448188304901123,1,0.06617846006342631,1.0651860237121582,1.029958724975586,0.9843698799265326,1.0852446889733756,0.035227298736572266,1,0.10087480904684298,68.28300476074219,68.644775390625,65.18411430291962,72.43480523303515,0.3617706298828125,1,7.250690930115525,
procedural,10558002,10558,3,10371,2,perspective-area,renders/procedural/10558/002.jpg,73.8900146484375,73.91827392578125,70.25725653802147,78.04860737536364,0.02825927734375,1,7.791350837342179,0.9241170287132263,0.9235085248947144,0.8928463717279982,0.9580478109980888,0.0006085038185119629,1,0.06520143927009059,1.0651860237121582,1.030379295349121,0.9854653105863349,1.0848548849469353,0.03480672836303711,1,0.09938957436060036,68.28300476074219,68.34454345703125,64.9359792955147,72.1345609921118,0.0615386962890625,1,7.198581696597103,
procedural,10558003,10558,3,10460,3,perspective-area,renders/procedural/10558/003.jpg,73.8900146484375,74.96029663085938,71.3541715944848,79.02892132686975,1.070281982421875,1,7.674749732384953,0.9241170287132263,0.924246072769165,0.8940384275764615,0.9582763399280338,0.0001290440559387207,1,0.06423791235157239,1.0651860237121582,1.033743977546692,0.988155403525866,1.089030212572709,0.03144204616546631,1,0.10087480904684298,68.28300476074219,69.09513854980469,65.68657438828814,72.82822237816436,0.8121337890625,1,7.141647989876219,
procedural,10558004,10558,3,10596,4,perspective-area,renders/procedural/10558/004.jpg,73.8900146484375,73.4717025756836,69.75496899985046,77.66463632813065,0.41831207275390625,1,7.909667328280193,0.9241170287132263,0.9246149063110352,0.893491926609876,0.9596703866733023,0.0004978775978088379,1,0.06617846006342631,1.0651860237121582,1.027435064315796,0.98184649029497,1.082721299341813,0.037750959396362305,1,0.10087480904684298,68.28300476074219,67.8941879272461,64.43351453221112,71.68421776965624,0.38881683349609375,1,7.250703237445123,
procedural,10558005,10558,3,10637,5,perspective-area,renders/procedural/10558/005.jpg,73.8900146484375,74.21599578857422,70.60987075219964,78.28463177001868,0.32598114013671875,1,7.674761017819037,0.9241170287132263,0.9249836802482605,0.8947759279613123,0.9595229663516349,0.0008666515350341797,1,0.06474703839032259,1.0651860237121582,1.028696894645691,0.9837829098829047,1.083172484243505,0.036489129066467285,1,0.09938957436060036,68.28300476074219,68.7948989868164,65.43769331171279,72.52799512250567,0.5118942260742188,1,7.09030181079288,
procedural,10558006,10558,3,10676,6,perspective-area,renders/procedural/10558/006.jpg,73.8900146484375,74.067138671875,70.35039381060778,78.1974721214574,0.1771240234375,1,7.847078310849611,0.9241170287132263,0.9260900616645813,0.8949670819634221,0.9611455420268484,0.0019730329513549805,1,0.06617846006342631,1.0651860237121582,1.0305895805358887,0.9850007354868353,1.0858755445336783,0.03459644317626953,1,0.10087480904684298,68.28300476074219,68.644775390625,65.18411430291962,72.43480523303515,0.3617706298828125,1,7.250690930115525,
procedural,10558007,10558,3,10754,7,perspective-area,renders/procedural/10558/007.jpg,73.8900146484375,74.21599578857422,70.55496711538035,78.34632923815661,0.32598114013671875,1,7.791362122776263,0.9241170287132263,0.9227709174156189,0.8921088713431473,0.9573102035189933,0.0013461112976074219,1,0.065201332175846,1.0651860237121582,1.026383638381958,0.9814696536191718,1.0808592279797722,0.038802385330200195,1,0.09938957436060036,68.28300476074219,68.34454345703125,64.88387006199628,72.1345609921118,0.0615386962890625,1,7.250690930115525,
procedural,10558008,10558,3,10885,8,perspective-area,renders/procedural/10558/008.jpg,73.8900146484375,73.91827392578125,69.91045514861617,78.30454973495762,0.02825927734375,1,8.394094586341453,0.9241170287132263,0.924246072769165,0.8921814133753827,0.960356217252091,0.0001290440559387207,1,0.06817480387670827,1.0651860237121582,1.03900146484375,0.9891572055960296,1.098513843019873,0.026184558868408203,1,0.1093566374238435,68.28300476074219,68.19441986083984,64.57271736534312,72.16035836519586,0.08858489990234375,1,7.587640999852738,
procedural,10660001,10660,4,10108,1,perspective-area,renders/procedural/10660/001.jpg,92.58834838867188,93.49324035644531,89.7764954951781,97.94584066173411,0.9048919677734375,1,8.169345166556013,0.5375589728355408,0.5454983711242676,0.5011211935249591,0.5816084085129489,0.007939398288726807,1,0.08048721498798983,0.5909039974212646,0.614622950553894,0.5491612317577506,0.6759094795066858,0.023718953132629395,1,0.12674824774893523,49.77172088623047,51.53125762939453,47.68344487452123,55.557569739094106,1.7595367431640625,1,7.874124864572877,
procedural,10660002,10660,4,10158,2,perspective-area,renders/procedural/10660/002.jpg,92.58834838867188,94.75853729248047,90.9279111158703,99.4159795118303,2.1701889038085938,1,8.48806839596,0.5375589728355408,0.5410728454589844,0.495378729934032,0.5782677475452971,0.0035138726234436035,1,0.0828890176112651,0.5909039974212646,0.6163053512573242,0.5503635059563123,0.6784975210320283,0.02540135383605957,1,0.12813401507571598,49.77172088623047,51.83149337768555,47.92506081193642,55.91907752778934,2.059772491455078,1,7.994016715852922,
procedural,10660003,10660,4,10397,3,perspective-area,renders/procedural/10660/003.jpg,92.58834838867188,93.86538696289062,90.1486533870575,98.31798726817942,1.27703857421875,1,8.16933388112193,0.5375589728355408,0.5307466983795166,0.4840410777144726,0.5684953848045708,0.00681227445602417,1,0.08445430709009827,0.5909039974212646,0.6045287847518921,0.5361372508173758,0.6681029274581931,0.013624787330627441,1,0.13196567664081726,49.77172088623047,50.33030700683594,46.36436850247992,54.41789115693973,0.5585861206054688,1,8.053522654459812,
procedural,10660004,10660,4,10487,4,perspective-area,renders/procedural/10660/004.jpg,92.58834838867188,94.16310119628906,90.38983888112853,98.68300783045561,1.5747528076171875,1,8.293168949327082,0.5375589728355408,0.5425480604171753,0.4968539448922229,0.5797427483149988,0.0049890875816345215,1,0.08288880342277594,0.5909039974212646,0.6163053512573242,0.5498802626268287,0.6794157646665155,0.02540135383605957,1,0.1295355020396869,49.77172088623047,51.681373596191406,47.77494103044228,55.7689577462952,1.9096527099609375,1,7.994016715852922,
procedural,10660005,10660,4,10519,5,perspective-area,renders/procedural/10660/005.jpg,92.58834838867188,93.49324035644531,89.71997804128478,98.08141258138676,0.9048919677734375,1,8.361434540101982,0.5375589728355408,0.5159951448440552,0.4675568999430162,0.554305326393461,0.021563827991485596,1,0.08674842645044478,0.5909039974212646,0.5843402743339539,0.5123761818197465,0.6502821196349657,0.006563723087310791,1,0.1379059378152192,49.77172088623047,48.82912063598633,44.86318213163031,52.91670478609012,0.9426002502441406,1,8.053522654459812,
procedural,10660006,10660,4,10617,6,perspective-area,renders/procedural/10660/006.jpg,92.58834838867188,93.86538696289062,90.09212464773009,98.38529359705717,1.27703857421875,1,8.293168949327082,0.5375589728355408,0.5351722240447998,0.4881246514568005,0.5729208033756095,0.002386748790740967,1,0.08479615191880896,0.5909039974212646,0.5927520990371704,0.5213089227760577,0.658694079852296,0.0018481016159057617,1,0.13738515707623833,49.77172088623047,51.08089828491211,47.17446571916298,55.230659064145584,1.3091773986816406,1,8.056193344982603,
procedural,10660007,10660,4,10839,7,perspective-area,renders/procedural/10660/007.jpg,92.58834838867188,93.49324035644531,89.66260289440106,98.15068257579514,0.9048919677734375,1,8.488079681394083,0.5375589728355408,0.5277963876724243,0.4807489221786696,0.5661066763160747,0.009762585163116455,1,0.0853577541374051,0.5909039974212646,0.5927520990371704,0.5218261801480821,0.6582139533474276,0.0018481016159057617,1,0.13638777319934547,49.77172088623047,50.33030700683594,46.36436850247992,54.48006163240461,0.5585861206054688,1,8.115693129924693,
procedural,10660008,10660,4,10887,8,perspective-area,renders/procedural/10660/008.jpg,92.58834838867188,94.01424407958984,90.29751050375671,98.53415071375639,1.4258956909179688,1,8.236640209999678,0.5375589728355408,0.5454983711242676,0.5004671689732874,0.5821469854689596,0.007939398288726807,1,0.08167981649567224,0.5909039974212646,0.6095758676528931,0.5416808574310039,0.6736171275091465,0.018671870231628418,1,0.13193627007814257,49.77172088623047,52.13172912597656,48.28392252476806,56.219313276080356,2.3600082397460938,1,7.935390751312298,
procedural,10694001,10694,5,10075,1,perspective-area,renders/procedural/10694/001.jpg,94.69627380371094,94.83296966552734,91.38679308642713,98.9016056469718,0.13669586181640625,1,7.514812560544669,0.8170130252838135,0.8206160068511963,0.791732903275502,0.8508237591381445,0.0036029815673828125,1,0.0590908558626424,1.0138189792633057,0.9864667057991028,0.9428734415885174,1.0378115128279148,0.02735227346420288,1,0.09493807123939746,77.36804962158203,77.57683563232422,74.2196299572206,81.36686547473437,0.2087860107421875,1,7.147235517513764,
procedural,10694002,10694,5,10090,2,perspective-area,renders/procedural/10694/002.jpg,94.69627380371094,95.87498474121094,92.3762744664491,100.00531819079333,1.1787109375,1,7.629043724344228,0.8170130252838135,0.8051267862319946,0.776243789750545,0.8353345385189428,0.011886239051818848,1,0.059090748768397816,1.0138189792633057,0.9920527338981628,0.9484594696875774,1.0441637377258814,0.021766245365142822,1,0.09570426803830401,77.36804962158203,77.05142211914062,73.69421644403701,80.84145196155077,0.31662750244140625,1,7.147235517513764,
procedural,10694003,10694,5,10216,3,perspective-area,renders/procedural/10694/003.jpg,94.69627380371094,94.98182678222656,91.58742777470434,99.05046276367102,0.285552978515625,1,7.463034988966683,0.8170130252838135,0.8144387602806091,0.7864076985148216,0.8441985373424643,0.0025742650032043457,1,0.05779083882764269,1.0138189792633057,0.9789617657661438,0.9360149038779468,1.0295509460969186,0.034857213497161865,1,0.09353604221897172,77.36804962158203,76.97636413574219,73.66975389261643,80.76639397815234,0.39168548583984375,1,7.09664008553591,
procedural,10694004,10694,5,10267,4,perspective-area,renders/procedural/10694/004.jpg,94.69627380371094,94.38639068603516,90.88768041127332,98.57932443848222,0.30988311767578125,1,7.691644027208895,0.8170130252838135,0.8169280886650085,0.7880449850893143,0.8475901347374801,8.493661880493164e-05,1,0.05954514964816582,1.0138189792633057,0.9895817041397095,0.9453328226470035,1.042469881409545,0.02423727512359619,1,0.09713705876254153,77.36804962158203,76.82624053955078,73.41768868536383,80.73268541262951,0.54180908203125,1,7.3149967272656795,
procedural,10694005,10694,5,10431,5,perspective-area,renders/procedural/10694/005.jpg,94.69627380371094,94.75853729248047,91.36413828495824,98.82717327392493,0.06226348876953125,1,7.463034988966683,0.8170130252838135,0.8184954524040222,0.7900414754663743,0.8482552294658774,0.0014824271202087402,1,0.058213753999503126,1.0138189792633057,0.9948391318321228,0.9512458676215374,1.0469501356598414,0.01897984743118286,1,0.09570426803830401,77.36804962158203,77.42671966552734,74.12010942240158,81.2167495079375,0.0586700439453125,1,7.09664008553591,
procedural,10694006,10694,5,10746,6,perspective-area,renders/procedural/10694/006.jpg,94.69627380371094,94.83296966552734,91.43855937257104,98.9016056469718,0.13669586181640625,1,7.463046274400767,0.8170130252838135,0.819924533367157,0.7914704493352644,0.8501321785598606,0.002911508083343506,1,0.058661729224596115,1.0138189792633057,0.9917898178100586,0.9481966891135869,1.0431347603529844,0.02202916145324707,1,0.09493807123939746,77.36804962158203,77.50177764892578,74.19516740580002,81.29180749133593,0.13372802734375,1,7.09664008553591,
procedural,10694007,10694,5,10774,7,perspective-area,renders/procedural/10694/007.jpg,94.69627380371094,94.98182678222656,91.48311650746473,99.11216023180896,0.285552978515625,1,7.629043724344228,0.8170130252838135,0.8275999426841736,0.7991459657465256,0.8582620958508898,0.010586917400360107,1,0.05911613010436412,1.0138189792633057,0.9910275340080261,0.9474342697974407,1.0423723410368382,0.02279144525527954,1,0.09493807123939746,77.36804962158203,78.10224914550781,74.7450434704042,81.95006190038112,0.7341995239257812,1,7.205018429976917,
procedural,10694008,10694,5,10958,8,perspective-area,renders/procedural/10694/008.jpg,94.69627380371094,94.75853729248047,91.36413828495824,98.82717327392493,0.06226348876953125,1,7.463034988966683,0.8170130252838135,0.8192330002784729,0.790779023340825,0.8494407525654211,0.002219974994659424,1,0.058661729224596115,1.0138189792633057,0.9912378191947937,0.9476445549842083,1.0433488230225123,0.022581160068511963,1,0.09570426803830401,77.36804962158203,77.57683563232422,74.2196299572206,81.36686547473437,0.2087860107421875,1,7.147235517513764,
procedural,10701001,10701,6,10155,1,perspective-area,renders/procedural/10701/001.jpg,159.01760864257812,157.13046264648438,150.37856800089503,163.78370002731026,1.88714599609375,1,13.405132026415231,0.9323549866676331,0.9327282905578613,0.894418001914211,0.9721855585610015,0.0003733038902282715,1,0.07776755664679058,1.1309800148010254,1.1420466899871826,1.0770617098430648,1.2119486642330912,0.011066675186157227,1,0.1348869543900264,148.26087951660156,148.80812072753906,141.04783250808396,157.34268766667083,0.5472412109375,1,16.29485515858687,
procedural,10701002,10701,6,10316,2,perspective-area,renders/procedural/10701/002.jpg,159.01760864257812,158.02362060546875,151.27170338901124,164.7755152510581,0.993988037109375,1,13.50381186204686,0.9323549866676331,0.8969556093215942,0.85920692289654,0.9352658979652446,0.03539937734603882,1,0.07605897506870463,1.1309800148010254,1.0755929946899414,1.0124827167948638,1.1434880049118306,0.055387020111083984,1,0.13100528811696677,148.26087951660156,143.4038543701172,136.08675308949023,151.33674057985627,4.857025146484375,1,15.249987490366038,
procedural,10701003,10701,6,10397,3,perspective-area,renders/procedural/10701/003.jpg,159.01760864257812,156.83274841308594,150.17951103226005,163.58466562954345,2.1848602294921875,1,13.4051545972834,0.9323549866676331,0.8844166994094849,0.8477680850647928,0.9221653858345391,0.04793828725814819,0,0.07439730076974627,1.1309800148010254,1.0835843086242676,1.0213920033354498,1.1514790478179293,0.04739570617675781,1,0.13008704448247954,148.26087951660156,141.001953125,134.00147020561417,148.87689642699115,7.2589263916015625,1,14.875426221376983,
procedural,10701004,10701,6,10559,4,perspective-area,renders/procedural/10701/004.jpg,159.01760864257812,157.13046264648438,150.2785339131733,163.8823798629419,1.88714599609375,1,13.603845949768584,0.9323549866676331,0.933465838432312,0.8940085704291718,0.9735088048590796,0.001110851764678955,1,0.07950023442990783,1.1309800148010254,1.1092404127120972,1.0456661344916824,1.1776319466466134,0.021739602088928223,1,0.13196581215493097,148.26087951660156,148.80812072753906,140.87523451779998,157.46805012595723,0.5472412109375,1,16.592815608157252,
procedural,10701005,10701,6,10661,5,perspective-area,renders/procedural/10701/005.jpg,159.01760864257812,158.3213348388672,151.36797262400796,165.27471962459458,0.6962738037109375,1,13.90674700058662,0.9323549866676331,0.9283027648925781,0.889423056150477,0.9689395689055615,0.004052221775054932,1,0.07951651275508453,1.1309800148010254,1.1294289827346802,1.064443731562335,1.2008720234816792,0.0015510320663452148,1,0.13642829191934425,148.26087951660156,150.00906372070312,141.95913480648596,158.92486250146612,1.7481842041015625,1,16.96572769498016,
procedural,10701006,10701,6,10695,6,perspective-area,renders/procedural/10701/006.jpg,159.01760864257812,157.42819213867188,150.57624083449264,164.18008678426122,1.58941650390625,1,13.603845949768584,0.9323549866676331,0.9153951406478882,0.8765153248115425,0.9548524086510284,0.016959846019744873,1,0.0783370838394859,1.1309800148010254,1.1092404127120972,1.0456661344916824,1.1781322647544243,0.021739602088928223,1,0.1324661302627419,148.26087951660156,145.80575561523438,138.15857175478595,154.15549107846164,2.4551239013671875,1,15.996919323675684,
procedural,10701007,10701,6,10786,7,perspective-area,renders/procedural/10701/007.jpg,159.01760864257812,158.02362060546875,151.27170338901124,164.7755152510581,0.993988037109375,1,13.50381186204686,0.9323549866676331,0.9290403723716736,0.8901605565353279,0.9684976403748138,0.0033146142959594727,1,0.0783370838394859,1.1309800148010254,1.132793664932251,1.0678086847881332,1.203205985330385,0.001813650131225586,1,0.13539730054225174,148.26087951660156,148.80812072753906,140.9331774255479,157.40515967171086,0.5472412109375,1,16.471982246162952,
procedural,10701008,10701,6,10868,8,perspective-area,renders/procedural/10701/008.jpg,159.01760864257812,157.42819213867188,150.57624083449264,164.18008678426122,1.58941650390625,1,13.603845949768584,0.9323549866676331,0.9198206067085266,0.8809407908721809,0.9592778747116668,0.012534379959106445,1,0.0783370838394859,1.1309800148010254,1.102510929107666,1.0394006512125884,1.1709024630421823,0.028469085693359375,1,0.13150181182959386,148.26087951660156,146.70645141601562,139.0592921702264,155.0561868792429,1.5544281005859375,1,15.996894709016487,
procedural,10784001,10784,7,10025,1,perspective-area,renders/procedural/10784/001.jpg,46.87316131591797,49.654258728027344,43.19427312045809,56.21021002433099,2.781097412109375,1,13.015936903872898,0.8900579810142517,0.8737218379974365,0.8043827054936159,0.9235888807625869,0.016336143016815186,1,0.11920617526897104,1.2493029832839966,1.1832648515701294,1.1228716316549026,1.2611944108838884,0.06603813171386719,1,0.13832277922898584,41.719810485839844,44.3255615234375,39.12612706377513,49.52500213676467,2.6057510375976562,1,10.39887507298954,
procedural,10784002,10784,7,10068,2,perspective-area,renders/procedural/10784/002.jpg,46.87316131591797,50.54741287231445,43.594045014738185,57.50078637260776,3.6742515563964844,1,13.906741357869578,0.8900579810142517,0.8895797729492188,0.8157049849987956,0.9424228576771014,0.000478208065032959,1,0.1267178726783058,1.2493029832839966,1.2085003852844238,1.1410989174646602,1.2922459393303143,0.040802597999572754,1,0.1511470218656541,41.719810485839844,46.12698745727539,40.60708859587248,51.56503026952123,4.407176971435547,1,10.957941673648747,
procedural,10784003,10784,7,10088,3,perspective-area,renders/procedural/10784/003.jpg,46.87316131591797,48.7611083984375,42.20515710213385,55.317054052024105,1.8879470825195312,1,13.111896949890252,0.8900579810142517,0.8796224594116211,0.8112565994025758,0.9287702572301484,0.010435521602630615,1,0.11751365782757262,1.2493029832839966,1.1849472522735596,1.1254348740974365,1.2623160541847938,0.06435573101043701,1,0.13688118008735728,41.719810485839844,43.7250862121582,38.52565175249583,48.92452682548537,2.0052757263183594,1,10.39887507298954,
procedural,10784004,10784,7,10109,4,perspective-area,renders/procedural/10784/004.jpg,46.87316131591797,48.7611083984375,42.30111714815121,55.317054052024105,1.8879470825195312,1,13.015936903872898,0.8900579810142517,0.882203996181488,0.8118791682505204,0.9324344097185104,0.007853984832763672,1,0.12055524146799002,1.2493029832839966,1.1916767358779907,1.130390206925199,1.270738651125896,0.05762624740600586,1,0.14034844420069703,41.719810485839844,44.025325775146484,38.90317519169548,49.224760234808855,2.3055152893066406,1,10.321585043113373,
procedural,10784005,10784,7,10223,5,perspective-area,renders/procedural/10784/005.jpg,46.87316131591797,48.4633903503418,41.90743905403815,55.0193360039284,1.5902290344238281,1,13.111896949890252,0.8900579810142517,0.8722466230392456,0.8043627942250708,0.9206849214874069,0.017811357975006104,1,0.11632212726233604,1.2493029832839966,1.180741310119629,1.1212289319435058,1.256999980411365,0.06856167316436768,1,0.13577104846785915,41.719810485839844,43.42485046386719,38.302699880416185,48.62429107719436,1.7050399780273438,1,10.321591196778172,
procedural,10784006,10784,7,10274,6,perspective-area,renders/procedural/10784/006.jpg,46.87316131591797,47.272518157958984,40.52060658421851,54.024424088982414,0.3993568420410156,1,13.503817504763902,0.8900579810142517,0.909863293170929,0.8380362542711879,0.9615716072832043,0.019805312156677246,1,0.12353535301201646,1.2493029832839966,1.2270065546035767,1.1629652947473232,1.308966574687247,0.022296428680419922,1,0.14600127993992373,41.719810485839844,44.3255615234375,39.12612706377513,49.60339367263987,2.6057510375976562,1,10.477266608864738,
procedural,10784007,10784,7,10311,7,perspective-area,renders/procedural/10784/007.jpg,46.87316131591797,48.7611083984375,42.30111714815121,55.317054052024105,1.8879470825195312,1,13.015936903872898,0.8900579810142517,0.8877358436584473,0.8183967111546266,0.9376029935178423,0.0023221373558044434,1,0.11920628236321562,1.2493029832839966,1.1883119344711304,1.1279187145559035,1.2656807363823646,0.06099104881286621,1,0.13776202182646102,41.719810485839844,44.025325775146484,38.825885161819315,49.224760234808855,2.3055152893066406,1,10.39887507298954,
procedural,10784008,10784,7,10492,8,perspective-area,renders/procedural/10784/008.jpg,46.87316131591797,48.4633903503418,41.90743905403815,55.0193360039284,1.5902290344238281,1,13.111896949890252,0.8900579810142517,0.8910549879074097,0.8222039909704009,0.9409220306725601,0.000997006893157959,1,0.11871803970215922,1.2493029832839966,1.168123483657837,1.1094800219788112,1.2432869288825827,0.08117949962615967,0,0.1338069069037715,41.719810485839844,44.025325775146484,38.825885161819315,49.224760234808855,2.3055152893066406,1,10.39887507298954,
procedural,10866001,10866,8,10001,1,perspective-area,renders/procedural/10866/001.jpg,161.0198974609375,157.13046264648438,151.39166141862734,162.8692638743414,3.889434814453125,1,11.477602455714077,0.9404640197753906,0.9393665194511414,0.907301860057359,0.9739058055545158,0.0010975003242492676,1,0.06660394549715676,1.1111589670181274,1.1294289827346802,1.0716422412825182,1.1920785126431497,0.018270015716552734,1,0.12043627136063151,151.43348693847656,147.3069305419922,140.61009405845107,154.8425607669633,4.126556396484375,1,14.23246670851222,
procedural,10866002,10866,8,10054,2,perspective-area,renders/procedural/10866/002.jpg,161.0198974609375,161.29852294921875,155.29871220186396,167.47853950802892,0.27862548828125,1,12.179827306164952,0.9404640197753906,0.9275652170181274,0.8964422373169683,0.9615954841769963,0.012898802757263184,1,0.06515324686002799,1.1111589670181274,1.0545634031295776,1.0024522637877453,1.1115048075404275,0.056595563888549805,1,0.10905254375268214,151.43348693847656,148.80812072753906,142.11125962933875,156.4552799733283,2.6253662109375,1,14.344020343989541,
procedural,10866003,10866,8,10096,3,perspective-area,renders/procedural/10866/003.jpg,161.0198974609375,160.10765075683594,154.19606953315088,166.10743893332256,0.9122467041015625,1,11.91136940017168,0.9404640197753906,0.9563308358192444,0.9237852161730373,0.9919100070375251,0.01586681604385376,1,0.06812479086448775,1.1111589670181274,1.1126052141189575,1.0564972215074135,1.1729984340341844,0.0014462471008300781,1,0.11650121252677081,151.43348693847656,152.71121215820312,145.5011108011022,160.87983295906452,1.2777252197265625,1,15.37872215796233,
procedural,10866004,10866,8,10233,4,perspective-area,renders/procedural/10866/004.jpg,161.0198974609375,160.10765075683594,154.19606953315088,166.1969324256097,0.9122467041015625,1,12.000862892458827,0.9404640197753906,0.9607563614845276,0.9282107418383205,0.9963354256085637,0.020292341709136963,1,0.06812468377024317,1.1111589670181274,1.1092404127120972,1.0522990083012473,1.1705272126931163,0.0019185543060302734,1,0.11822820439186899,151.43348693847656,152.71121215820312,145.5011108011022,160.87983295906452,1.2777252197265625,1,15.37872215796233,
procedural,10866005,10866,8,10554,5,perspective-area,renders/procedural/10866/005.jpg,161.0198974609375,161.5962371826172,155.50695551384342,167.77625374142735,0.5763397216796875,1,12.269298227583931,0.9404640197753906,0.9637066721916199,0.9311610525454128,0.9992858434099006,0.023242652416229248,1,0.06812479086448775,1.1111589670181274,1.1294289827346802,1.0716422412825182,1.1920785126431497,0.018270015716552734,1,0.12043627136063151,151.43348693847656,155.11309814453125,147.6874954461673,163.5856607571477,3.6796112060546875,1,15.898165310980403,
procedural,10866006,10866,8,10675,6,perspective-area,renders/procedural/10866/006.jpg,161.0198974609375,159.21449279785156,153.38992227095514,165.12605145066846,1.8054046630859375,1,11.736129179713316,0.9404640197753906,0.951905369758606,0.9198407103648236,0.9869609572151177,0.011441349983215332,1,0.06712024685029405,1.1111589670181274,1.0966227054595947,1.039681301048745,1.1579092344123865,0.014536261558532715,1,0.11822793336364157,151.43348693847656,150.9097900390625,144.01192563386576,158.84265163414238,0.5236968994140625,1,14.830726000276627,
procedural,10866007,10866,8,10751,7,perspective-area,renders/procedural/10866/007.jpg,161.0198974609375,161.00079345703125,155.17622293013483,167.09007512580501,0.01910400390625,1,11.913852195670188,0.9404640197753906,0.9153951406478882,0.88518738836094,0.9489234570823939,0.02506887912750244,1,0.06373606872145388,1.1111589670181274,1.1218582391738892,1.0657502465623452,1.184508040110586,0.010699272155761719,1,0.1187577935482409,151.43348693847656,147.607177734375,141.00872604364122,155.25433698016423,3.8263092041015625,1,14.245610936523008,
procedural,10866008,10866,8,10952,8,perspective-area,renders/procedural/10866/008.jpg,161.0198974609375,159.21449279785156,153.30293414503467,165.21430354520635,1.8054046630859375,1,11.91136940017168,0.9404640197753906,0.9578059911727905,0.9252603715265835,0.9933851623910712,0.017341971397399902,1,0.06812479086448775,1.1111589670181274,1.115128755569458,1.0581873511586082,1.1764152845222497,0.003969788551330566,1,0.11822793336364157,151.43348693847656,151.81048583984375,144.70595675603545,159.8604639833793,0.3769989013671875,1,15.154507227343856,
photographic,10155901,10155,1,,1,perspective-area,renders/photographic/10155/001.jpg,100.73223114013672,99.64923858642578,96.1668470493496,103.62905820162814,1.0829925537109375,1,7.462211152278542,0.8975409865379333,0.8944884538650513,0.8653082708548823,0.9266987614314672,0.00305253267288208,1,0.061390490576584966,1.144942045211792,1.1192059516906738,1.0693462438339907,1.1783600305501523,0.025736093521118164,1,0.10901378671616158,90.4112777709961,87.86477661132812,84.25204615910843,91.91273116012599,2.5465011596679688,1,7.660685001017555,backgrounds/photographic/001.jpg
photographic,10155902,10155,1,,2,perspective-area,renders/photographic/10155/002.jpg,100.73223114013672,99.60084533691406,96.14047168173602,103.5851565548819,1.1313858032226562,1,7.444684873145889,0.8975409865379333,0.8918023109436035,0.86285473663267,0.9239124853913339,0.005738675594329834,1,0.06105774875866388,1.144942045211792,1.1038953065872192,1.056079964649939,1.1606613557349306,0.041046738624572754,1,0.10458139108499154,90.4112777709961,87.94181823730469,84.36401598648445,91.98269607158363,2.4694595336914062,1,7.618680085099186,backgrounds/photographic/002.jpg
photographic,10155903,10155,1,,3,perspective-area,renders/photographic/10155/003.jpg,100.73223114013672,99.99185180664062,96.59666281873251,103.89961392521582,0.7403793334960938,1,7.302951106483306,0.8975409865379333,0.8971346020698547,0.8687076128818418,0.9288525973939201,0.0004063844680786133,1,0.06014498451207828,1.144942045211792,1.1079648733139038,1.0606219335770106,1.1642658380233684,0.036977171897888184,1,0.10364390444635774,90.4112777709961,88.74425506591797,85.21836513134258,92.73190369968506,1.667022705078125,1,7.513538568342483,backgrounds/photographic/003.jpg
photographic,10155904,10155,1,,4,perspective-area,renders/photographic/10155/004.jpg,100.73223114013672,99.96067810058594,96.58021660415761,103.85479612935342,0.7715530395507812,1,7.274579525195804,0.8975409865379333,0.8980458974838257,0.8696861634814113,0.9296595830136667,0.000504910945892334,1,0.059973419532255434,1.144942045211792,1.1038702726364136,1.0570981183464596,1.1594316013132584,0.04107177257537842,1,0.10233348296679878,90.4112777709961,89.20539093017578,85.69422056179974,93.18508902902249,1.2058868408203125,1,7.490868467222754,backgrounds/photographic/004.jpg
photographic,10155905,10155,1,,5,perspective-area,renders/photographic/10155/005.jpg,100.73223114013672,99.96148681640625,96.53956263515283,103.91555307102863,0.7707443237304688,1,7.375990435875792,0.8975409865379333,0.899917483329773,0.8711618219051331,0.9321192233566222,0.0023764967918395996,1,0.06095740145148909,1.144942045211792,1.1090196371078491,1.0616485104353046,1.1655753683510852,0.03592240810394287,1,0.1039268579157806,90.4112777709961,89.47608947753906,85.91884046714767,93.52968078329286,0.9351882934570312,1,7.610840316145186,backgrounds/photographic/005.jpg
photographic,10155906,10155,1,,6,perspective-area,renders/photographic/10155/006.jpg,100.73223114013672,101.2518081665039,97.8897532130668,105.15212189858357,0.5195770263671875,1,7.262368685516776,0.8975409865379333,0.9177259206771851,0.8891695616417152,0.9498929621687893,0.02018493413925171,1,0.060723400527074034,1.144942045211792,1.1029235124588013,1.0552190210665344,1.1596697765459112,0.04201853275299072,1,0.10445075547937677,90.4112777709961,92.34793090820312,88.82951152269379,96.38910411839242,1.9366531372070312,1,7.559592595698632,backgrounds/photographic/006.jpg
photographic,10155907,10155,1,,7,perspective-area,renders/photographic/10155/007.jpg,100.73223114013672,101.41195678710938,97.97760734292933,105.35307864883725,0.6797256469726562,1,7.375471305907922,0.8975409865379333,0.9067810773849487,0.8782041562545189,0.9388193915945635,0.00924009084701538,1,0.06061523534004465,1.144942045211792,1.1009156703948975,1.0545300023572395,1.1560829240290786,0.04402637481689453,1,0.10155292167183916,90.4112777709961,91.99015045166016,88.4294553889813,96.05051078869292,1.5788726806640625,1,7.621055399711622,backgrounds/photographic/007.jpg
photographic,10155908,10155,1,,8,perspective-area,renders/photographic/10155/008.jpg,100.73223114013672,100.12833404541016,96.74906880499475,103.98655310835602,0.6038970947265625,1,7.237484303361271,0.8975409865379333,0.9099395275115967,0.8813470777157022,0.9417222077593905,0.01239854097366333,1,0.06037513004368833,1.144942045211792,1.1104826927185059,1.0634319214107677,1.166283068291932,0.03445935249328613,1,0.10285114688116437,90.4112777709961,90.52030181884766,86.99012893357212,94.48524342950623,0.1090240478515625,1,7.495114495934104,backgrounds/photographic/008.jpg
photographic,10155909,10155,1,,9,perspective-area,renders/photographic/10155/009.jpg,100.73223114013672,101.23089599609375,97.89241631445839,105.06471595054973,0.49866485595703125,1,7.1722996360913385,0.8975409865379333,0.9053493142127991,0.8772840893829894,0.9366567102031311,0.007808327674865723,1,0.05937262082014172,1.144942045211792,1.1260731220245361,1.0787656869854345,1.182600124275666,0.01886892318725586,1,0.10383443729023156,90.4112777709961,91.20714569091797,87.72124227020686,95.1481495455082,0.795867919921875,1,7.426907275301346,backgrounds/photographic/009.jpg
photographic,10155910,10155,1,,10,perspective-area,renders/photographic/10155/010.jpg,100.73223114013672,100.2709732055664,96.876416201967,104.17618481603859,0.4612579345703125,1,7.299768614071581,0.8975409865379333,0.9013016223907471,0.8728375785941083,0.9330161906989858,0.0037606358528137207,1,0.060178612104877516,1.144942045211792,1.1132090091705322,1.065801022659059,1.1694701327305665,0.031733036041259766,1,0.10366911007150748,90.4112777709961,90.24913787841797,86.71374668539283,94.24856462661046,0.162139892578125,1,7.534817941217625,backgrounds/photographic/010.jpg
photographic,10155911,10155,1,,11,perspective-area,renders/photographic/10155/011.jpg,100.73223114013672,100.97151184082031,97.57071399217239,104.889803269396,0.23928070068359375,1,7.319089277223611,0.8975409865379333,0.8999471068382263,0.871552888489056,0.9316993723205584,0.0024061203002929688,1,0.06014648383150245,1.144942045211792,1.120811104774475,1.0732461929193278,1.1774248360583783,0.024130940437316895,1,0.10417864313905056,90.4112777709961,91.13982391357422,87.6036942807732,95.17214815378247,0.728546142578125,1,7.568453873009275,backgrounds/photographic/011.jpg
photographic,10155912,10155,1,,12,perspective-area,renders/photographic/10155/012.jpg,100.73223114013672,105.68374633789062,102.07475480125868,109.82818658007818,4.951515197753906,0,7.753431778819504,0.8975409865379333,0.9171382188796997,0.8873190045121007,0.9509070689875401,0.019597232341766357,1,0.06358806447543941,1.144942045211792,1.0983706712722778,1.0491259264636028,1.1571415162181893,0.04657137393951416,1,0.10801558975458647,90.4112777709961,97.01423645019531,93.21045932062407,101.38822446737686,6.602958679199219,0,8.17776514675279,backgrounds/photographic/012.jpg
photographic,10155913,10155,1,,13,perspective-area,renders/photographic/10155/013.jpg,100.73223114013672,102.90594482421875,99.38742861263927,106.94177404878064,2.1737136840820312,1,7.554345436141375,0.8975409865379333,0.9252341985702515,0.895427942606247,0.9586057290306869,0.027693212032318115,1,0.06317778642443983,1.144942045211792,1.1203140020370483,1.071376874266491,1.1784587717776276,0.024628043174743652,1,0.1070818975111365,90.4112777709961,94.96660614013672,91.27253654660308,99.19286928015208,4.555328369140625,0,7.920332733549003,backgrounds/photographic/013.jpg
photographic,10155914,10155,1,,14,perspective-area,renders/photographic/10155/014.jpg,100.73223114013672,101.96553802490234,98.5555764037781,105.92593540804592,1.233306884765625,1,7.3703590042678115,0.8975409865379333,0.9037397503852844,0.8749962977045271,0.9357268735459883,0.006198763847351074,1,0.06073057584146113,1.144942045211792,1.1238287687301636,1.0746872856761343,1.1825063799658437,0.021113276481628418,1,0.10781909428970948,90.4112777709961,92.16268157958984,88.63397326653649,96.21035305980695,1.75140380859375,1,7.576379793270462,backgrounds/photographic/014.jpg
photographic,10155915,10155,1,,15,perspective-area,renders/photographic/10155/015.jpg,100.73223114013672,95.89907836914062,92.08653145793323,100.29874998857485,4.833152770996094,0,8.212218530641621,0.8975409865379333,0.9401547908782959,0.9062329030949456,0.9777358748105769,0.04261380434036255,0,0.07150297171563125,1.144942045211792,1.129685878753662,1.0766106920069092,1.1938637368365335,0.015256166458129883,1,0.11725304482962429,90.4112777709961,92.24728393554688,88.37061049276599,96.73953308283672,1.8360061645507812,1,8.368922590070724,backgrounds/photographic/015.jpg
photographic,10155916,10155,1,,16,perspective-area,renders/photographic/10155/016.jpg,100.73223114013672,100.95548248291016,97.5227807121064,104.87534258682354,0.2232513427734375,1,7.352561874717139,0.8975409865379333,0.8996840715408325,0.8714631316793984,0.9312457092678059,0.00214308500289917,1,0.05978257758840755,1.144942045211792,1.0922892093658447,1.0459891862480504,1.147103855276157,0.052652835845947266,1,0.10111466902810662,90.4112777709961,90.42146301269531,86.86453399287348,94.43618777157826,0.01018524169921875,1,7.5716537787047855,backgrounds/photographic/016.jpg
photographic,10316901,10316,2,,1,perspective-area,renders/photographic/10316/001.jpg,118.33891296386719,120.17701721191406,115.84819554766,125.37328248161066,1.838104248046875,1,9.52508693395066,0.5754179954528809,0.5690045356750488,0.5252578218936037,0.6064504666706654,0.006413459777832031,1,0.08119264477706167,0.6350799798965454,0.6537033319473267,0.5901388107430989,0.714525047490099,0.01862335205078125,1,0.12438623674700011,68.0943374633789,69.21086883544922,65.37254503169606,73.43881807961952,1.1165313720703125,1,8.06627304792346,backgrounds/photographic/001.jpg
photographic,10316902,10316,2,,2,perspective-area,renders/photographic/10316/002.jpg,118.33891296386719,120.4903793334961,116.14944839846976,125.71229639486592,2.1514663696289062,1,9.562847996396158,0.5754179954528809,0.5688697695732117,0.524924931439287,0.6066920297442948,0.0065482258796691895,1,0.08176709830500783,0.6350799798965454,0.6467711329460144,0.5808733297319577,0.7095180975022402,0.011691153049468994,1,0.12864476777028244,68.0943374633789,69.38006591796875,65.5489049800417,73.62851917324952,1.2857284545898438,1,8.079614193207817,backgrounds/photographic/002.jpg
photographic,10316903,10316,2,,3,perspective-area,renders/photographic/10316/003.jpg,118.33891296386719,120.86216735839844,116.57221272913011,126.04735033182442,2.52325439453125,1,9.475137602694303,0.5754179954528809,0.571134626865387,0.5277223684097763,0.6086941848545067,0.0042833685874938965,1,0.0809718164447304,0.6350799798965454,0.6482118368148804,0.582689678724023,0.7114223951541021,0.013131856918334961,1,0.1287327164300791,68.0943374633789,69.75468444824219,65.95820556512263,73.97456008419613,1.6603469848632812,1,8.016354519073502,backgrounds/photographic/003.jpg
photographic,10316904,10316,2,,4,perspective-area,renders/photographic/10316/004.jpg,118.33891296386719,121.28278350830078,117.0617715958524,126.42184291262492,2.9438705444335938,1,9.360071316772519,0.5754179954528809,0.5758464336395264,0.5332698315744011,0.6129590873459989,0.0004284381866455078,1,0.0796892557715978,0.6350799798965454,0.6533840298652649,0.5893140410169053,0.7156293211725426,0.018304049968719482,1,0.1263152801556373,68.0943374633789,70.77833557128906,67.04112878751403,74.96094461321991,2.6839981079101562,1,7.919815825705882,backgrounds/photographic/004.jpg
photographic,10316905,10316,2,,5,perspective-area,renders/photographic/10316/005.jpg,118.33891296386719,120.01313781738281,115.76753494406512,125.12475104601435,1.674224853515625,1,9.357216101949234,0.5754179954528809,0.5794932842254639,0.536605680474068,0.6163278141787529,0.004075288772583008,1,0.07972213370468495,0.6350799798965454,0.6569179892539978,0.5943176509688044,0.7163920169359415,0.021838009357452393,1,0.12207436596713706,68.0943374633789,70.46794128417969,66.68636657720344,74.64280901579332,2.3736038208007812,1,7.956442438589875,backgrounds/photographic/005.jpg
photographic,10316906,10316,2,,6,perspective-area,renders/photographic/10316/006.jpg,118.33891296386719,119.38822937011719,115.17331159207424,124.53931904717501,1.04931640625,1,9.366007455100771,0.5754179954528809,0.5866882801055908,0.5443574593317848,0.6238883227156435,0.011270284652709961,1,0.07953086338385873,0.6350799798965454,0.6858973503112793,0.6270271735200197,0.7443876810418146,0.05081737041473389,1,0.11736050752179494,68.0943374633789,70.1668701171875,66.4241865717413,74.36828475874427,2.0725326538085938,1,7.9440981870029646,backgrounds/photographic/006.jpg
photographic,10316907,10316,2,,7,perspective-area,renders/photographic/10316/007.jpg,118.33891296386719,119.89317321777344,115.68320974529342,124.97158469932947,1.55426025390625,1,9.288374954036044,0.5754179954528809,0.5926821231842041,0.5513815490432918,0.6294731728741922,0.017264127731323242,1,0.0780916238309004,0.6350799798965454,0.6892831921577454,0.6296488512792848,0.7489873228047657,0.05420321226119995,1,0.11933847152548083,68.0943374633789,71.4681396484375,67.72071778109603,75.65137636417785,3.3738021850585938,1,7.930658583081822,backgrounds/photographic/007.jpg
photographic,10316908,10316,2,,8,perspective-area,renders/photographic/10316/008.jpg,118.33891296386719,118.9395980834961,114.83001854719441,123.96244008762187,0.6006851196289062,1,9.132421540427458,0.5754179954528809,0.5874016284942627,0.5461256860296047,0.623728210445492,0.011983633041381836,1,0.07760252441588733,0.6350799798965454,0.6781135201454163,0.6177391366919949,0.7376248142086297,0.04303354024887085,1,0.11988567751663481,68.0943374633789,70.6263427734375,66.90812619923236,74.77774042750752,2.5320053100585938,1,7.869614228275168,backgrounds/photographic/008.jpg
photographic,10316909,10316,2,,9,perspective-area,renders/photographic/10316/009.jpg,118.33891296386719,120.70610046386719,116.46768641206108,125.81305280822198,2.3671875,1,9.345366396160898,0.5754179954528809,0.5829633474349976,0.5409789765424193,0.6198850521033776,0.007545351982116699,1,0.0789060755609583,0.6350799798965454,0.6570835113525391,0.5928709616565584,0.7197362935997376,0.022003531455993652,1,0.12686533194317917,68.0943374633789,71.11412811279297,67.33841169470543,75.29999859706732,3.0197906494140625,1,7.961586902361887,backgrounds/photographic/009.jpg
photographic,10316910,10316,2,,10,perspective-area,renders/photographic/10316/010.jpg,118.33891296386719,120.41398620605469,116.23064507257914,125.47501811912116,2.0750732421875,1,9.244373046542023,0.5754179954528809,0.5816024541854858,0.53976276761734,0.6182640269337725,0.0061844587326049805,1,0.07850125931643248,0.6350799798965454,0.6576863527297974,0.5943574905693083,0.7195539662021702,0.022606372833251953,1,0.12519647563286185,68.0943374633789,70.56533813476562,66.82302380920737,74.7223233164732,2.4710006713867188,1,7.899299507265823,backgrounds/photographic/010.jpg
photographic,10316911,10316,2,,11,perspective-area,renders/photographic/10316/011.jpg,118.33891296386719,119.91421508789062,115.75021718843527,124.98090100343325,1.5753021240234375,1,9.230683814997974,0.5754179954528809,0.5876966714859009,0.5469961463973902,0.6240703749047469,0.01227867603302002,1,0.07707422850735668,0.6350799798965454,0.6733733415603638,0.613220252654628,0.7333101499406212,0.03829336166381836,1,0.12008989728599317,68.0943374633789,70.83143615722656,67.10907201294685,75.014057506487,2.7370986938476562,1,7.904985493540153,backgrounds/photographic/011.jpg
photographic,10316912,10316,2,,12,perspective-area,renders/photographic/10316/012.jpg,118.33891296386719,127.96128845214844,123.55656095824452,133.26329823921333,9.62237548828125,0,9.70673728096881,0.5754179954528809,0.617949903011322,0.5774901257846352,0.6554680155277879,0.04253190755844116,0,0.07797788974315267,0.6350799798965454,0.7600585222244263,0.7055594886849406,0.817864913223076,0.12497854232788086,0,0.11230542453813541,68.0943374633789,79.254638671875,75.52922230985496,83.56828385203698,11.160301208496094,0,8.039061542182026,backgrounds/photographic/012.jpg
photographic,10316913,10316,2,,13,perspective-area,renders/photographic/10316/013.jpg,118.33891296386719,119.87480926513672,115.57456231998367,125.07122124547641,1.5358963012695312,1,9.496658925492738,0.5754179954528809,0.6014503240585327,0.559242340383264,0.6392738693605509,0.026032328605651855,1,0.08003152897728683,0.6350799798965454,0.7112092971801758,0.654429967649321,0.7692738425654397,0.07612931728363037,0,0.1148438749161187,68.0943374633789,71.77188110351562,67.93381575368403,76.09582751855123,3.6775436401367188,1,8.162011764867202,backgrounds/photographic/013.jpg
photographic,10316914,10316,2,,14,perspective-area,renders/photographic/10316/014.jpg,118.33891296386719,119.74021911621094,115.49252843758768,124.94820995192094,1.40130615234375,1,9.455681514333264,0.5754179954528809,0.5935839414596558,0.551263080450596,0.6313754655825434,0.018165946006774902,1,0.0801123851319474,0.6350799798965454,0.6897109746932983,0.6287521188674532,0.750690970720882,0.05463099479675293,1,0.12193885185342879,68.0943374633789,71.75289916992188,67.97681353194639,76.03200998323155,3.6585617065429688,1,8.055196451285155,backgrounds/photographic/014.jpg
photographic,10316915,10316,2,,15,perspective-area,renders/photographic/10316/015.jpg,118.33891296386719,122.1359634399414,117.75070331983261,127.42241061340428,3.7970504760742188,1,9.671707293571671,0.5754179954528809,0.6114420294761658,0.5692583561944176,0.6497613140363612,0.03602403402328491,1,0.08050295784194361,0.6350799798965454,0.7485186457633972,0.6911456289003866,0.8085683374003736,0.1134386658668518,0,0.11742270849998704,68.0943374633789,74.10376739501953,70.24289656344263,78.49037042503915,6.009429931640625,0,8.247473861596518,backgrounds/photographic/015.jpg
photographic,10316916,10316,2,,16,perspective-area,renders/photographic/10316/016.jpg,118.33891296386719,122.40303039550781,118.11768022334581,127.58936448321037,4.064117431640625,1,9.47168425986456,0.5754179954528809,0.5768480896949768,0.5340269914694673,0.6144073264013628,0.0014300942420959473,1,0.08038033493189545,0.6350799798965454,0.6597459316253662,0.595885718625027,0.722061825785886,0.0246659517288208,1,0.12617610716085892,68.0943374633789,70.92991638183594,67.14355412364603,75.15589645327054,2.8355789184570312,1,8.012342329624516,backgrounds/photographic/016.jpg
photographic,10558901,10558,3,,1,perspective-area,renders/photographic/10558/001.jpg,73.8900146484375,73.95993041992188,70.07417489781074,78.28294008562261,0.069915771484375,1,8.208765187811878,0.9241170287132263,0.9381829500198364,0.9037953093667923,0.9758432836931092,0.014065921306610107,1,0.07204797432631693,1.0651860237121582,1.2376807928085327,1.1597699344424655,1.3339193929971884,0.1724947690963745,0,0.17414945855472297,68.28300476074219,69.22057342529297,65.62027337596737,73.17654299267451,0.9375686645507812,1,7.556269616707141,backgrounds/photographic/001.jpg
photographic,10558902,10558,3,,2,perspective-area,renders/photographic/10558/002.jpg,73.8900146484375,74.15192413330078,70.41636645341532,78.3098278983507,0.26190948486328125,1,7.893461444935383,0.9241170287132263,0.9277288913726807,0.8962210149564882,0.9631082247305685,0.0036118626594543457,1,0.06688720977408025,1.0651860237121582,1.032435417175293,0.9862695530300698,1.0879536523639786,0.032750606536865234,1,0.10168409933390876,68.28300476074219,68.54219818115234,65.0479996202921,72.37515598920072,0.25919342041015625,1,7.327156368908618,backgrounds/photographic/002.jpg
photographic,10558903,10558,3,,3,perspective-area,renders/photographic/10558/003.jpg,73.8900146484375,74.65556335449219,70.9798297606867,78.769453926614,0.7655487060546875,1,7.789624165927307,0.9241170287132263,0.921863853931427,0.8912522492481543,0.9562990444290662,0.0022531747817993164,1,0.06504679518091194,1.0651860237121582,1.0255796909332275,0.980295210583563,1.0803355237181904,0.039606332778930664,1,0.10004031313462747,68.28300476074219,68.79646301269531,65.35908739258957,72.57964997984891,0.513458251953125,1,7.220562587259337,backgrounds/photographic/003.jpg
photographic,10558904,10558,3,,4,perspective-area,renders/photographic/10558/004.jpg,73.8900146484375,74.2288818359375,70.53114164566796,78.37000416050432,0.3388671875,1,7.838862514836364,0.9241170287132263,0.9264636039733887,0.8954019892743759,0.9612901168407362,0.0023465752601623535,1,0.06588812756636031,1.0651860237121582,1.0257853269577026,0.9803775287645635,1.0805940102470117,0.039400696754455566,1,0.10021648148244822,68.28300476074219,68.69491577148438,65.2486296447496,72.49692064559349,0.4119110107421875,1,7.248291000843892,backgrounds/photographic/004.jpg
photographic,10558905,10558,3,,5,perspective-area,renders/photographic/10558/005.jpg,73.8900146484375,75.50374603271484,71.66910224157073,79.80371084201579,1.6137313842773438,1,8.134608600445063,0.9241170287132263,0.9487035870552063,0.9155847990119881,0.9856203653883355,0.02458655834197998,1,0.07003556637634745,1.0651860237121582,1.1100894212722778,1.0563483181707625,1.1751673640983995,0.04490339756011963,1,0.11881904592763703,68.28300476074219,71.58586883544922,68.02046006553428,75.50854707626786,3.3028640747070312,1,7.4880870107335795,backgrounds/photographic/005.jpg
photographic,10558906,10558,3,,6,perspective-area,renders/photographic/10558/006.jpg,73.8900146484375,76.34567260742188,72.57739845412652,80.60195150138316,2.455657958984375,1,8.024553047256632,0.9241170287132263,0.942138671875,0.9109085979292573,0.9777344427011911,0.01802164316177368,1,0.06682584477193387,1.0651860237121582,1.044840931892395,0.9987463481709824,1.1010760367425974,0.020345091819763184,1,0.10232968857161495,68.28300476074219,71.86322021484375,68.40360525015421,75.72458333960458,3.5802154541015625,0,7.320978089450364,backgrounds/photographic/006.jpg
photographic,10558907,10558,3,,7,perspective-area,renders/photographic/10558/007.jpg,73.8900146484375,76.5545883178711,72.86848341014229,80.75052399578453,2.6645736694335938,1,7.882040585642244,0.9241170287132263,0.9422885775566101,0.9113396260028992,0.9773031479174463,0.01817154884338379,1,0.06596352191454713,1.0651860237121582,1.0424556732177734,0.9963185380646564,1.0982129553030404,0.022730350494384766,1,0.101894417238384,68.28300476074219,71.93582153320312,68.50607645744822,75.76769629624687,3.6528167724609375,0,7.2616198387986515,backgrounds/photographic/007.jpg
photographic,10558908,10558,3,,8,perspective-area,renders/photographic/10558/008.jpg,73.8900146484375,75.1387710571289,71.4408615853481,79.28116863574724,1.2487564086914062,1,7.840307050399133,0.9241170287132263,0.9297245740890503,0.8988008967770611,0.9646236968542254,0.005607545375823975,1,0.06582280007716435,1.0651860237121582,1.0314784049987793,0.9853594287368992,1.0869860700865956,0.033707618713378906,1,0.10162664134969646,68.28300476074219,69.78071594238281,66.32921150789844,73.58657301065614,1.497711181640625,1,7.257361502757703,backgrounds/photographic/008.jpg
photographic,10558909,10558,3,,9,perspective-area,renders/photographic/10558/009.jpg,73.8900146484375,75.29582214355469,71.62309047521558,79.42532047101486,1.4058074951171875,1,7.80222999579928,0.9241170287132263,0.9479488730430603,0.9172431325187986,0.9831699211074536,0.023831844329833984,1,0.06592678858865497,1.0651860237121582,1.0559872388839722,1.0096042811285884,1.1125451383530276,0.009198784828186035,1,0.10294085722443924,68.28300476074219,71.33582305908203,67.92729581955427,75.12222223926074,3.0528182983398438,1,7.194926419706462,backgrounds/photographic/009.jpg
photographic,10558910,10558,3,,10,perspective-area,renders/photographic/10558/010.jpg,73.8900146484375,74.84373474121094,71.13308401434915,79.02845269764475,0.9537200927734375,1,7.895368683295601,0.9241170287132263,0.9290759563446045,0.898278864429713,0.963821720151536,0.004958927631378174,1,0.06554285572182295,1.0651860237121582,1.0319819450378418,0.9862150344433758,1.087360058632953,0.033204078674316406,1,0.10114502418957727,68.28300476074219,69.61073303222656,66.1545518124949,73.44638614545693,1.327728271484375,1,7.291834332962026,backgrounds/photographic/010.jpg
photographic,10558911,10558,3,,11,perspective-area,renders/photographic/10558/011.jpg,73.8900146484375,75.81840515136719,72.20987631753269,79.96612945487323,1.9283905029296875,1,7.756253137340536,0.9241170287132263,0.9308753609657288,0.9004405688802635,0.9655817140906535,0.006758332252502441,1,0.06514114521039005,1.0651860237121582,1.0250258445739746,0.9792451115399103,1.0803443319590542,0.040160179138183594,1,0.10109922041914388,68.28300476074219,70.745361328125,67.3357879655814,74.57569767496898,2.4623565673828125,1,7.239909709387575,backgrounds/photographic/011.jpg
photographic,10558912,10558,3,,12,perspective-area,renders/photographic/10558/012.jpg,73.8900146484375,79.44705963134766,75.6088834993352,83.88498887232709,5.557044982910156,0,8.276105372991879,0.9241170287132263,0.9546113610267639,0.9216071638252501,0.9920757122324488,0.030494332313537598,1,0.07046854840719874,1.0651860237121582,1.0617756843566895,1.0121599019046812,1.1214089411222403,0.00341033935546875,1,0.10924903921755913,68.28300476074219,75.6827392578125,72.08629140265111,79.77368330889658,7.3997344970703125,0,7.687391906245466,backgrounds/photographic/012.jpg
photographic,10558913,10558,3,,13,perspective-area,renders/photographic/10558/013.jpg,73.8900146484375,76.31184387207031,72.48903850128045,80.66647532407478,2.4218292236328125,1,8.177436822794334,0.9241170287132263,0.9426793456077576,0.909954878573096,0.9792270771740519,0.01856231689453125,1,0.0692721986009559,1.0651860237121582,1.0678057670593262,1.0157959922745476,1.1298042871655412,0.0026197433471679688,1,0.11400829489099351,68.28300476074219,72.21749877929688,68.66141896521731,76.20667352193414,3.9344940185546875,0,7.545254556716827,backgrounds/photographic/013.jpg
photographic,10558914,10558,3,,14,perspective-area,renders/photographic/10558/014.jpg,73.8900146484375,78.52001953125,74.74499668837234,82.81291965881428,4.6300048828125,0,8.067922970441941,0.9241170287132263,0.9510388374328613,0.9185872465333986,0.9878552684588158,0.02692180871963501,1,0.06926802192541714,1.0651860237121582,1.0768263339996338,1.026746280194061,1.1376117317599324,0.011640310287475586,1,0.11086545156587135,68.28300476074219,74.25640869140625,70.71728837751289,78.21504894931059,5.9734039306640625,0,7.4977605717976985,backgrounds/photographic/014.jpg
photographic,10558915,10558,3,,15,perspective-area,renders/photographic/10558/015.jpg,73.8900146484375,77.28666687011719,73.42787225003303,81.66872192694609,3.3966522216796875,1,8.240849676913058,0.9241170287132263,0.9355069398880005,0.9034769790294632,0.971435880909091,0.01138991117477417,1,0.06795890187962783,1.0651860237121582,1.0188275575637817,0.9717401974453423,1.0745685779554037,0.046358466148376465,1,0.10282838051006138,68.28300476074219,72.03321075439453,68.46150063172536,76.0320959800847,3.7502059936523438,0,7.5705953483593476,backgrounds/photographic/015.jpg
photographic,10558916,10558,3,,16,perspective-area,renders/photographic/10558/016.jpg,73.8900146484375,74.85079956054688,71.0959099320753,79.05787396190135,0.960784912109375,1,7.961964029826049,0.9241170287132263,0.9307210445404053,0.8998208208679799,0.9655033274847398,0.006604015827178955,1,0.0656825066167599,1.0651860237121582,1.0689115524291992,1.0201389387926838,1.128568117622308,0.0037255287170410156,1,0.1084291788296241,68.28300476074219,69.63185119628906,66.15505519948056,73.47168880158279,1.348846435546875,1,7.316633602102229,backgrounds/photographic/016.jpg
photographic,10660901,10660,4,,1,perspective-area,renders/photographic/10660/001.jpg,92.58834838867188,92.46385955810547,88.63986921673677,97.07175872182597,0.12448883056640625,1,8.431889505089202,0.537559986114502,0.541166365146637,0.4954271629447149,0.5788073147616402,0.0036063790321350098,1,0.08338015181692526,0.5909039974212646,0.6110620498657227,0.5439402831766529,0.6737733742100431,0.020158052444458008,1,0.12983309103339025,49.771766662597656,50.9829216003418,47.038164010224136,55.15288486111058,1.2111549377441406,1,8.114720850886442,backgrounds/photographic/001.jpg
photographic,10660902,10660,4,,2,perspective-area,renders/photographic/10660/002.jpg,92.58834838867188,92.77194213867188,88.99502334286808,97.30333734473606,0.18359375,1,8.308314001867984,0.537559986114502,0.5416922569274902,0.49649816443049843,0.5784377915635304,0.004132270812988281,1,0.08193962713303193,0.5909039974212646,0.6117317080497742,0.5463296154636623,0.6719095960383186,0.02082771062850952,1,0.12557998057465625,49.771766662597656,51.16409683227539,47.26087647955137,55.248794913588426,1.3923301696777344,1,7.987918434037056,backgrounds/photographic/002.jpg
photographic,10660903,10660,4,,3,perspective-area,renders/photographic/10660/003.jpg,92.58834838867188,92.92605590820312,89.21684971690411,97.42283868793129,0.33770751953125,1,8.205988971027182,0.537559986114502,0.545534610748291,0.5012402170000456,0.5822805737613095,0.007974624633789062,1,0.08104035676126387,0.5909039974212646,0.6152740716934204,0.5495686985208295,0.6781900223494404,0.02437007427215576,1,0.1286213238286109,49.771766662597656,51.51003646850586,47.679084755181975,55.57743659806874,1.7382698059082031,1,7.898351842886768,backgrounds/photographic/003.jpg
photographic,10660904,10660,4,,4,perspective-area,renders/photographic/10660/004.jpg,92.58834838867188,93.26909637451172,89.52197112469003,97.76312550832336,0.6807479858398438,1,8.24115438363333,0.537559986114502,0.5469260215759277,0.5021996096450323,0.5837000432810271,0.009366035461425781,1,0.0815004336359948,0.5909039974212646,0.6197920441627502,0.5538827222490283,0.6825322330132906,0.028888046741485596,1,0.12864951076426223,49.771766662597656,51.65066146850586,47.77149579148136,55.72335374979593,1.8788948059082031,1,7.9518579583145765,backgrounds/photographic/004.jpg
photographic,10660905,10660,4,,5,perspective-area,renders/photographic/10660/005.jpg,92.58834838867188,93.17540740966797,89.38807215820452,97.75880589599183,0.5870590209960938,1,8.370733737787305,0.537559986114502,0.5455602407455444,0.5004371517327115,0.582736401339055,0.00800025463104248,1,0.0822992496063435,0.5909039974212646,0.6129987239837646,0.5461355182236503,0.6765231330103347,0.0220947265625,1,0.13038761478668448,49.771766662597656,51.6379280090332,47.71676972341993,55.77129542524199,1.8661613464355469,1,8.054525701822058,backgrounds/photographic/005.jpg
photographic,10660906,10660,4,,6,perspective-area,renders/photographic/10660/006.jpg,92.58834838867188,95.51457214355469,91.7802445759844,100.16444183663407,2.9262237548828125,1,8.384197260649671,0.537559986114502,0.5676406621932983,0.524206449417548,0.6052543027759327,0.030080676078796387,1,0.08104785335838471,0.5909039974212646,0.6436455249786377,0.5819708836041855,0.7064460176097782,0.05274152755737305,1,0.12447513400559274,49.771766662597656,54.36471176147461,50.5842077921734,58.52997362233691,4.592945098876953,0,7.945765830163509,backgrounds/photographic/006.jpg
photographic,10660907,10660,4,,7,perspective-area,renders/photographic/10660/007.jpg,92.58834838867188,94.81924438476562,90.8670627976353,99.66224171132671,2.23089599609375,1,8.795178913691416,0.537559986114502,0.5565575361251831,0.5100734934521824,0.5956917007924147,0.018997550010681152,1,0.08561820734023229,0.5909039974212646,0.6254755258560181,0.5568945431905377,0.6923322269386745,0.03457152843475342,1,0.1354376837481368,49.771766662597656,53.07332229614258,49.06022210476658,57.38863511946511,3.301555633544922,1,8.328413014698526,backgrounds/photographic/007.jpg
photographic,10660908,10660,4,,8,perspective-area,renders/photographic/10660/008.jpg,92.58834838867188,93.70567321777344,89.98120911959268,98.22598612756701,1.1173248291015625,1,8.244777007974335,0.537559986114502,0.547755241394043,0.5036435504270571,0.5846230776573975,0.010195255279541016,1,0.08097952723034041,0.5909039974212646,0.6144698858261108,0.5487437789941225,0.6777837059199783,0.02356588840484619,1,0.12903992692585575,49.771766662597656,51.949466705322266,48.08928508420286,56.038909262195375,2.1777000427246094,1,7.9496241779925185,backgrounds/photographic/008.jpg
photographic,10660909,10660,4,,9,perspective-area,renders/photographic/10660/009.jpg,92.58834838867188,92.91869354248047,89.19183693227387,97.47563897131113,0.33034515380859375,1,8.283802039037255,0.537559986114502,0.5441824197769165,0.4986353446497773,0.5815827286243405,0.006622433662414551,1,0.08294738397456314,0.5909039974212646,0.6185386180877686,0.5517854497879853,0.6820570644933355,0.027634620666503906,1,0.1302716147053502,49.771766662597656,51.32160949707031,47.45803720664662,55.42469472880293,1.5498428344726562,1,7.966657522156311,backgrounds/photographic/009.jpg
photographic,10660910,10660,4,,10,perspective-area,renders/photographic/10660/010.jpg,92.58834838867188,93.52489471435547,89.7834460378781,98.03860564520983,0.9365463256835938,1,8.255159607331734,0.537559986114502,0.5451056361198425,0.4998297236199889,0.5823079277090315,0.007545650005340576,1,0.0824782040890426,0.5909039974212646,0.634192943572998,0.5701385388477149,0.6960505290009564,0.0432889461517334,1,0.1259119901532415,49.771766662597656,51.67869186401367,47.79787085115822,55.779149480877095,1.9069252014160156,1,7.981278629718872,backgrounds/photographic/010.jpg
photographic,10660911,10660,4,,11,perspective-area,renders/photographic/10660/011.jpg,92.58834838867188,93.36537170410156,89.6430405529627,97.87499730781747,0.7770233154296875,1,8.231956754854764,0.537559986114502,0.5577760338783264,0.5142305501824538,0.5942027489482413,0.020216047763824463,1,0.07997219876578754,0.5909039974212646,0.6385478973388672,0.5756381803320778,0.6994278839505341,0.04764389991760254,1,0.12378970361845631,49.771766662597656,52.42570495605469,48.580630582016965,56.49235433851209,2.6539382934570312,1,7.911723756495121,backgrounds/photographic/011.jpg
photographic,10660912,10660,4,,12,perspective-area,renders/photographic/10660/012.jpg,92.58834838867188,101.4442367553711,97.65206005268556,106.17617412511026,8.855888366699219,0,8.524114072424709,0.537559986114502,0.5850032567977905,0.5433696195562234,0.6221650667625269,0.047443270683288574,0,0.07879544720630349,0.5909039974212646,0.691524863243103,0.6352488331305608,0.7503946334920215,0.10062086582183838,0,0.11514580036146072,49.771766662597656,59.199012756347656,55.438778958894545,63.36548688917537,9.42724609375,0,7.926707930280827,backgrounds/photographic/012.jpg
photographic,10660913,10660,4,,13,perspective-area,renders/photographic/10660/013.jpg,92.58834838867188,93.19064331054688,89.01508912658937,98.32293145442054,0.602294921875,1,9.307842327831167,0.537559986114502,0.5848612189292908,0.5355562067597148,0.6267336763362792,0.04730123281478882,1,0.09117746957656436,0.5909039974212646,0.6632770299911499,0.5927609057819154,0.7326277328224933,0.07237303256988525,0,0.13986682704057785,49.771766662597656,55.08953094482422,50.887119409570005,59.69196761400599,5.3177642822265625,0,8.804848204435984,backgrounds/photographic/013.jpg
photographic,10660914,10660,4,,14,perspective-area,renders/photographic/10660/014.jpg,92.58834838867188,93.62171173095703,90.00259715995162,98.1147928883056,1.0333633422851562,1,8.112195728353981,0.537559986114502,0.5720491409301758,0.530695983515173,0.6082737691605615,0.03448915481567383,1,0.07757778564538853,0.5909039974212646,0.6467573642730713,0.5853740782430918,0.7084404075225734,0.05585336685180664,1,0.12306632927948158,49.771766662597656,53.68724822998047,49.971123901807005,57.74507941078082,3.9154815673828125,0,7.773955508973813,backgrounds/photographic/014.jpg
photographic,10660915,10660,4,,15,perspective-area,renders/photographic/10660/015.jpg,92.58834838867188,96.38748931884766,92.3860468119401,101.34874670917634,3.7991409301757812,1,8.962699897236234,0.537559986114502,0.5711984634399414,0.5252192630359076,0.6110358089171086,0.03363847732543945,1,0.08581654588120102,0.5909039974212646,0.6381067037582397,0.5713243999240092,0.7048045822996301,0.0472027063369751,1,0.13348018237562087,49.771766662597656,55.253929138183594,51.25235476097623,59.65848856208686,5.4821624755859375,0,8.406133801110627,backgrounds/photographic/015.jpg
photographic,10660916,10660,4,,16,perspective-area,renders/photographic/10660/016.jpg,92.58834838867188,93.20545959472656,89.52227761442555,97.70148625037109,0.6171112060546875,1,8.179208635945542,0.537559986114502,0.56075119972229,0.5182369265075124,0.5969154267987307,0.023191213607788086,1,0.07867850029121826,0.5909039974212646,0.6380182504653931,0.5764682820755525,0.6983063114283823,0.04711425304412842,1,0.12183802935282984,49.771766662597656,52.757568359375,48.97843050365918,56.813990350936365,2.9858016967773438,1,7.835559847277182,backgrounds/photographic/016.jpg
photographic,10694901,10694,5,,1,perspective-area,renders/photographic/10694/001.jpg,94.69628143310547,93.49313354492188,89.97217967958022,97.66580994318792,1.2031478881835938,1,7.693630263607702,0.8170130252838135,0.8153825402259827,0.7859308733057944,0.8463907148969483,0.0016304850578308105,1,0.06045984159115392,1.0138189792633057,0.9897416830062866,0.9447511327692553,1.0429672904192557,0.024077296257019043,1,0.09821615765000047,77.36805725097656,76.09761047363281,72.66973611197682,79.9795268388225,1.27044677734375,1,7.3097907268456765,backgrounds/photographic/001.jpg
photographic,10694902,10694,5,,2,perspective-area,renders/photographic/10694/002.jpg,94.69628143310547,94.02193450927734,90.58952615975977,98.10829990766797,0.674346923828125,1,7.518773747908199,0.8170130252838135,0.8171213269233704,0.788442452072097,0.8474132552865612,0.00010830163955688477,1,0.05897080321446424,1.0138189792633057,0.9833922386169434,0.9395695490118499,1.0352627048928298,0.030426740646362305,1,0.09569315588097993,77.36805725097656,76.4723129272461,73.1195132761386,80.27682849659323,0.8957443237304688,1,7.15731522045462,backgrounds/photographic/002.jpg
photographic,10694903,10694,5,,3,perspective-area,renders/photographic/10694/003.jpg,94.69628143310547,95.22003936767578,91.80883634880229,99.2925462530111,0.5237579345703125,1,7.483709904208808,0.8170130252838135,0.8185722231864929,0.7903102662293833,0.8485784241051348,0.0015591979026794434,1,0.05826815787575157,1.0138189792633057,0.9798162579536438,0.9363410265360983,1.0312187939948956,0.034002721309661865,1,0.09487776745879728,77.36805725097656,77.77726745605469,74.44184575433974,81.57098949734427,0.409210205078125,1,7.1291437430045335,backgrounds/photographic/003.jpg
photographic,10694904,10694,5,,4,perspective-area,renders/photographic/10694/004.jpg,94.69628143310547,95.10356140136719,91.65450703657552,99.20658410046599,0.40727996826171875,1,7.552077063890465,0.8170130252838135,0.8193432092666626,0.7906283507492091,0.8495773067377783,0.002330183982849121,1,0.058948955988569196,1.0138189792633057,0.992057740688324,0.948210658542763,1.043858688223878,0.02176123857498169,1,0.09564802968111508,77.36805725097656,77.6949462890625,74.32795628692838,81.51312299426354,0.3268890380859375,1,7.185166707335156,backgrounds/photographic/004.jpg
photographic,10694905,10694,5,,5,perspective-area,renders/photographic/10694/005.jpg,94.69628143310547,94.67303466796875,91.20168028542685,98.79853795176314,0.02324676513671875,1,7.596857666336291,0.8170130252838135,0.8147515654563904,0.7859951543720385,0.8451250996339539,0.0022614598274230957,1,0.059129945261915395,1.0138189792633057,0.9831929206848145,0.9392454225809956,1.034933293411541,0.03062605857849121,1,0.09568787083054531,77.36805725097656,76.58399963378906,73.20988368781764,80.40493318082008,0.7840576171875,1,7.195049493002443,backgrounds/photographic/005.jpg
photographic,10694906,10694,5,,6,perspective-area,renders/photographic/10694/006.jpg,94.69628143310547,97.03802490234375,93.51633748378663,101.21485434035276,2.3417434692382812,1,7.69851685656613,0.8170130252838135,0.8274735808372498,0.7986925380766436,0.8581343417787863,0.01046055555343628,1,0.05944180370214269,1.0138189792633057,0.9914004802703857,0.9474802205034223,1.0427231984986634,0.022418498992919922,1,0.09524297799524106,77.36805725097656,79.7181396484375,76.29998807716402,83.58854866045294,2.3500823974609375,1,7.288560583288927,backgrounds/photographic/006.jpg
photographic,10694907,10694,5,,7,perspective-area,renders/photographic/10694/007.jpg,94.69628143310547,96.81008911132812,93.22486469887735,101.0572719454176,2.1138076782226562,1,7.832407246540242,0.8170130252838135,0.8301131725311279,0.8006032463418862,0.8615582917199944,0.013100147247314453,1,0.06095504537810825,1.0138189792633057,1.0012482404708862,0.9555089747556167,1.0548890631282575,0.012570738792419434,1,0.09938008837264078,77.36805725097656,80.03104400634766,76.5310240785875,84.00551149011517,2.6629867553710938,1,7.474487411527662,backgrounds/photographic/007.jpg
photographic,10694908,10694,5,,8,perspective-area,renders/photographic/10694/008.jpg,94.69628143310547,95.44815826416016,92.0296084276979,99.52507775422237,0.7518768310546875,1,7.495469326524471,0.8170130252838135,0.81608647108078,0.7878148756416579,0.8462030861655876,0.0009265542030334473,1,0.05838821052392973,1.0138189792633057,0.9747880697250366,0.9317791423727613,1.025500025842831,0.03903090953826904,1,0.0937208834700698,77.36805725097656,77.70333862304688,74.3641508784749,81.49996519412161,0.3352813720703125,1,7.135814315646712,backgrounds/photographic/008.jpg
photographic,10694909,10694,5,,9,perspective-area,renders/photographic/10694/009.jpg,94.69628143310547,95.17771911621094,91.79102806016817,99.22976550955173,0.48143768310546875,1,7.438737449383552,0.8170130252838135,0.8271969556808472,0.7991890262718897,0.8571892343476932,0.010183930397033691,1,0.05800020807580353,1.0138189792633057,1.040549635887146,0.9946287812595074,1.095800095187144,0.026730656623840332,1,0.10117131392763667,77.36805725097656,78.6034927368164,75.28564590176757,82.39763322731233,1.2354354858398438,1,7.11198732554476,backgrounds/photographic/009.jpg
photographic,10694910,10694,5,,10,perspective-area,renders/photographic/10694/010.jpg,94.69628143310547,95.21448516845703,91.80122820058023,99.29673138340695,0.5182037353515625,1,7.495503182826724,0.8170130252838135,0.8156943321228027,0.7874045306621014,0.8458882692521996,0.0013186931610107422,1,0.058483738590098255,1.0138189792633057,0.9747601747512817,0.9323106496603941,1.0250868642438036,0.039058804512023926,1,0.09277621458340946,77.36805725097656,77.53730773925781,74.19855075122177,81.33602655636423,0.16925048828125,1,7.137475805142458,backgrounds/photographic/010.jpg
photographic,10694911,10694,5,,11,perspective-area,renders/photographic/10694/011.jpg,94.69628143310547,95.12351989746094,91.62114185662176,99.28220235746267,0.42723846435546875,1,7.661060500840904,0.8170130252838135,0.8251518607139587,0.7962834290497725,0.8558460350598054,0.008138835430145264,1,0.05956260601003294,1.0138189792633057,0.9788987040519714,0.9354245567473356,1.0300361744868098,0.03492027521133423,1,0.09461161773947424,77.36805725097656,78.32369995117188,74.91911105711551,82.18783222509228,0.9556427001953125,1,7.268721167976764,backgrounds/photographic/011.jpg
photographic,10694912,10694,5,,12,perspective-area,renders/photographic/10694/012.jpg,94.69628143310547,100.84612274169922,97.14112601731358,105.19349765958759,6.14984130859375,0,8.05237164227401,0.8170130252838135,0.8450096845626831,0.8150162278591466,0.8768671165931963,0.02799665927886963,1,0.06185088873404965,1.0138189792633057,1.0166356563568115,0.9696691748277999,1.0713725171658552,0.0028166770935058594,1,0.10170334233805534,77.36805725097656,84.89685821533203,81.30347488524058,88.97127352276584,7.528800964355469,0,7.667798637525266,backgrounds/photographic/012.jpg
photographic,10694913,10694,5,,13,perspective-area,renders/photographic/10694/013.jpg,94.69628143310547,96.01446533203125,92.4125836188723,100.302196730785,1.3181838989257812,1,7.889613111912695,0.8170130252838135,0.8382441401481628,0.8080245004000659,0.8701879972340549,0.021231114864349365,1,0.06216349683398903,1.0138189792633057,1.0185437202453613,0.9728764125244709,1.0726339077037892,0.004724740982055664,1,0.09975749517931831,77.36805725097656,80.64288330078125,77.16824108665242,84.60020667441859,3.2748260498046875,1,7.431965587766172,backgrounds/photographic/013.jpg
photographic,10694914,10694,5,,14,perspective-area,renders/photographic/10694/014.jpg,94.69628143310547,97.51188659667969,94.04004694047217,101.62634144050571,2.8156051635742188,1,7.586294500033546,0.8170130252838135,0.8338165283203125,0.805064401005744,0.864369552451798,0.016803503036499023,1,0.05930515144605408,1.0138189792633057,1.0612691640853882,1.0100055300106874,1.1225684313648685,0.04745018482208252,1,0.11256290135418112,77.36805725097656,81.12964630126953,77.75602264848203,84.97142846463976,3.7615890502929688,0,7.215405816157727,backgrounds/photographic/014.jpg
photographic,10694915,10694,5,,15,perspective-area,renders/photographic/10694/015.jpg,94.69628143310547,94.35419464111328,90.5681685000036,98.7858040390056,0.3420867919921875,1,8.217635539002003,0.8170130252838135,0.8752387166023254,0.843453358998417,0.9087853461526549,0.05822569131851196,0,0.06533198715423794,1.0138189792633057,1.026969075202942,0.9809455008771124,1.0813901881270453,0.01315009593963623,1,0.10044468724993294,77.36805725097656,83.3238754272461,79.70683740966706,87.4681594448084,5.955818176269531,0,7.761322035141347,backgrounds/photographic/015.jpg
photographic,10694916,10694,5,,16,perspective-area,renders/photographic/10694/016.jpg,94.69628143310547,95.29076385498047,91.85153910327608,99.385164482439,0.594482421875,1,7.533625379162913,0.8170130252838135,0.8214155435562134,0.793258967335774,0.8514329893705366,0.004402518272399902,1,0.05817402203476263,1.0138189792633057,0.9896928668022156,0.9459510791230059,1.0415615713946238,0.024126112461090088,1,0.09561049227161789,77.36805725097656,77.98834228515625,74.64089632242394,81.78786107868655,0.6202850341796875,1,7.146964756262605,backgrounds/photographic/016.jpg
photographic,10701901,10701,6,,1,perspective-area,renders/photographic/10701/001.jpg,159.01763916015625,156.42637634277344,149.76216952001778,163.0481950751091,2.5912628173828125,1,13.286025555091328,0.9323549866676331,0.9281352162361145,0.8895865358040211,0.9673852568759855,0.004219770431518555,1,0.0777987210719644,1.1309800148010254,1.13913893699646,1.0747122750008202,1.2097187528391373,0.00815892219543457,1,0.1350064778383171,148.2608642578125,146.97451782226562,139.3527855194261,155.394134302951,1.286346435546875,1,16.04134878352488,backgrounds/photographic/001.jpg
photographic,10701902,10701,6,,2,perspective-area,renders/photographic/10701/002.jpg,159.01763916015625,157.64678955078125,150.87288830872785,164.27811061861576,1.370849609375,1,13.405222309887904,0.9323549866676331,0.929327666759491,0.8908862947604703,0.968352702391492,0.00302731990814209,1,0.07746640763102164,1.1309800148010254,1.16044282913208,1.0929315948802127,1.233857329205307,0.029462814331054688,1,0.14092573432509425,148.2608642578125,147.64498901367188,139.97065518413,156.04764599417103,0.615875244140625,1,16.076990810041025,backgrounds/photographic/002.jpg
photographic,10701903,10701,6,,3,perspective-area,renders/photographic/10701/003.jpg,159.01763916015625,157.28366088867188,150.58918653170258,163.93154897374188,1.733978271484375,1,13.342362442039303,0.9323549866676331,0.9257698655128479,0.8878034564885553,0.9647199351736404,0.006585121154785156,1,0.07691647868508511,1.1309800148010254,1.1466034650802612,1.0824345509288946,1.2167783647511783,0.01562345027923584,1,0.13434381382228366,148.2608642578125,147.64584350585938,140.0029179814519,156.10664031138003,0.615020751953125,1,16.103722329928132,backgrounds/photographic/003.jpg
photographic,10701904,10701,6,,4,perspective-area,renders/photographic/10701/004.jpg,159.01763916015625,156.53634643554688,149.81137883568226,163.18306083547213,2.481292724609375,1,13.371681999789871,0.9323549866676331,0.9305422306060791,0.8913194989985769,0.9704084915292839,0.001812756061553955,1,0.079088992530707,1.1309800148010254,1.1340429782867432,1.0688194933024988,1.205347252581305,0.0030629634857177734,1,0.13652775927880612,148.2608642578125,147.6634979248047,139.9134986328936,156.18890821071545,0.5973663330078125,1,16.275409577821847,backgrounds/photographic/004.jpg
photographic,10701905,10701,6,,5,perspective-area,renders/photographic/10701/005.jpg,159.01763916015625,156.8751678466797,150.20001415286242,163.5279538101422,2.1424713134765625,1,13.327939657279785,0.9323549866676331,0.9266766905784607,0.8888193034951541,0.9657274288291617,0.005678296089172363,1,0.0769081253340076,1.1309800148010254,1.133384346961975,1.0696534144261136,1.2031434893320352,0.002404332160949707,1,0.13349007490592157,148.2608642578125,146.9897003173828,139.443067339751,155.37529933905898,1.2711639404296875,1,15.932231999307987,backgrounds/photographic/005.jpg
photographic,10701906,10701,6,,6,perspective-area,renders/photographic/10701/006.jpg,159.01763916015625,157.14968872070312,150.4796360430919,163.76918265361746,1.867950439453125,1,13.289546610525576,0.9323549866676331,0.9390906691551208,0.9000264370296023,0.9792973826818567,0.006735682487487793,1,0.07927094565225445,1.1309800148010254,1.1399494409561157,1.0736860206632741,1.2131959035283444,0.008969426155090332,1,0.13950988286507027,148.2608642578125,148.77310180664062,141.08121772509185,157.3592856861069,0.512237548828125,1,16.27806796101504,backgrounds/photographic/006.jpg
photographic,10701907,10701,6,,7,perspective-area,renders/photographic/10701/007.jpg,159.01763916015625,157.77108764648438,150.9696499452657,164.49233105310122,1.246551513671875,1,13.522681107835524,0.9323549866676331,0.9293490648269653,0.8902372828568517,0.9695805171242,0.0030059218406677246,1,0.07934323426734835,1.1309800148010254,1.126204252243042,1.0611962346995938,1.197327208653462,0.0047757625579833984,1,0.1361309739538683,148.2608642578125,148.0629119873047,140.39241804459743,156.6062171304511,0.1979522705078125,1,16.21379908585368,backgrounds/photographic/007.jpg
photographic,10701908,10701,6,,8,perspective-area,renders/photographic/10701/008.jpg,159.01763916015625,156.3006591796875,149.69326323211135,162.8408842235949,2.71697998046875,1,13.147620991483564,0.9323549866676331,0.932074785232544,0.8933135227249522,0.971496605040727,0.00028020143508911133,1,0.07818308231577475,1.1309800148010254,1.1239699125289917,1.0599010077935418,1.1935526155230036,0.007010102272033691,1,0.13365160772946183,148.2608642578125,147.69593811035156,140.05532636390853,156.14819362913113,0.5649261474609375,1,16.092867265222594,backgrounds/photographic/008.jpg
photographic,10701909,10701,6,,9,perspective-area,renders/photographic/10701/009.jpg,159.01763916015625,156.51019287109375,149.69706346016392,163.2084591339153,2.5074462890625,1,13.511395673751394,0.9323549866676331,0.9325928092002869,0.8932761559402849,0.9725542769069264,0.0002378225326538086,1,0.07927812096664155,1.1309800148010254,1.1454343795776367,1.077715266675341,1.219337814573123,0.014454364776611328,1,0.14162254789778217,148.2608642578125,148.18743896484375,140.29789916994923,156.85583580602542,0.07342529296875,1,16.557936636076192,backgrounds/photographic/009.jpg
photographic,10701910,10701,6,,10,perspective-area,renders/photographic/10701/010.jpg,159.01763916015625,157.95408630371094,151.25006446950647,164.61802227604858,1.0635528564453125,1,13.367957806542108,0.9323549866676331,0.9307186603546143,0.8918179611405748,0.9706877317526192,0.0016363263130187988,1,0.07886977061204448,1.1309800148010254,1.154756784439087,1.0905697113964834,1.225441217177547,0.023776769638061523,1,0.13487150578106366,148.2608642578125,148.76242065429688,141.06445675192663,157.32817436663026,0.501556396484375,1,16.263717614703637,backgrounds/photographic/010.jpg
photographic,10701911,10701,6,,11,perspective-area,renders/photographic/10701/011.jpg,159.01763916015625,158.07334899902344,151.1604563507899,164.8935656625581,0.9442901611328125,1,13.733109311768203,0.9323549866676331,0.9425144195556641,0.9022924986461973,0.9831378367880745,0.010159432888031006,1,0.08084533814187722,1.1309800148010254,1.1246342658996582,1.0606417911243398,1.194343810104101,0.0063457489013671875,1,0.1337020189797613,148.2608642578125,150.92449951171875,142.79250532374135,159.9040502598,2.66363525390625,1,17.111544936058635,backgrounds/photographic/011.jpg
photographic,10701912,10701,6,,12,perspective-area,renders/photographic/10701/012.jpg,159.01763916015625,164.0303497314453,156.32280452761188,171.54624569366206,5.0127105712890625,1,15.22344116605018,0.9323549866676331,0.9501775503158569,0.9076874804003552,0.9938334481778952,0.017822563648223877,1,0.08614596777754002,1.1309800148010254,1.1010372638702393,1.0315724581551535,1.1767308403078118,0.029942750930786133,1,0.1451583821526583,148.2608642578125,157.12875366210938,148.15390431393462,167.1607041641255,8.867889404296875,1,19.006799850190873,backgrounds/photographic/012.jpg
photographic,10701913,10701,6,,13,perspective-area,renders/photographic/10701/013.jpg,159.01763916015625,159.74789428710938,152.71185498214982,166.67534514531144,0.730255126953125,1,13.963490163161623,0.9323549866676331,0.9200195074081421,0.879751643067749,0.9613434280943736,0.012335479259490967,1,0.08159178502662456,1.1309800148010254,1.1273008584976196,1.0622253549255447,1.1987281796074285,0.0036791563034057617,1,0.1365028246818838,148.2608642578125,149.84170532226562,141.87957689740142,158.6877707735257,1.580841064453125,1,16.808193876124278,backgrounds/photographic/013.jpg
photographic,10701914,10701,6,,14,perspective-area,renders/photographic/10701/014.jpg,159.01763916015625,159.4556884765625,152.34979233462218,166.43990506820774,0.43804931640625,1,14.090112733585556,0.9323549866676331,0.926367461681366,0.8863696890258126,0.9672571152058111,0.00598752498626709,1,0.08088742617999856,1.1309800148010254,1.1298013925552368,1.0626896539105815,1.2031684626886658,0.0011786222457885742,1,0.14047880877808439,148.2608642578125,148.99302673339844,141.09341954289266,157.7313045920382,0.7321624755859375,1,16.637885049145552,backgrounds/photographic/014.jpg
photographic,10701915,10701,6,,15,perspective-area,renders/photographic/10701/015.jpg,159.01763916015625,159.39743041992188,152.09227865379216,166.68554118058455,0.379791259765625,1,14.593262526792387,0.9323549866676331,0.9474233984947205,0.90596678803945,0.9912428292682378,0.015068411827087402,1,0.08527604122878785,1.1309800148010254,1.1445732116699219,1.0762253132800197,1.2209839287972386,0.013593196868896484,1,0.1447586155172189,148.2608642578125,153.26287841796875,144.68929724401096,163.08247825509898,5.00201416015625,1,18.393181011088018,backgrounds/photographic/015.jpg
photographic,10701916,10701,6,,16,perspective-area,renders/photographic/10701/016.jpg,159.01763916015625,156.8498992919922,150.30847799207186,163.38454933146204,2.1677398681640625,1,13.076071339390182,0.9323549866676331,0.9191099405288696,0.8821355454921544,0.9573019971264998,0.013245046138763428,1,0.07516645163434532,1.1309800148010254,1.1310691833496094,1.0664411473809992,1.2023178968575507,8.916854858398438e-05,1,0.1358767494765516,148.2608642578125,145.98291015625,138.6563568464917,154.14195585468406,2.2779541015625,1,15.485599008192366,backgrounds/photographic/016.jpg
photographic,10784901,10784,7,,1,perspective-area,renders/photographic/10784/001.jpg,46.873146057128906,48.59457778930664,41.925845507483245,55.264291903895355,1.7214317321777344,1,13.33844639641211,0.8900570273399353,0.8736721277236938,0.8018717552908541,0.9247761090137843,0.016384899616241455,1,0.12290435372293018,1.2493029832839966,1.1844167709350586,1.123043783977721,1.2638329200761973,0.06488621234893799,1,0.14078913609847632,41.71975326538086,42.93695068359375,37.57384720127084,48.29241746790103,1.2171974182128906,1,10.718570266630195,backgrounds/photographic/001.jpg
photographic,10784902,10784,7,,2,perspective-area,renders/photographic/10784/002.jpg,46.873146057128906,50.195709228515625,43.83243414833032,56.66371313700165,3.3225631713867188,1,12.831278988671329,0.8900570273399353,0.9252320528030396,0.8604218288084127,0.9754653578846657,0.03517502546310425,1,0.11504352907625304,1.2493029832839966,1.1990230083465576,1.1388130035130644,1.2757885014235626,0.050279974937438965,1,0.13697549791049823,41.71975326538086,46.93865203857422,41.83051950353547,52.15145225818014,5.218898773193359,0,10.320932754644673,backgrounds/photographic/002.jpg
photographic,10784903,10784,7,,3,perspective-area,renders/photographic/10784/003.jpg,46.873146057128906,48.716087341308594,42.202219428704666,55.33057054148958,1.8429412841796875,1,13.128351112784912,0.8900570273399353,0.8754258155822754,0.8053514810893887,0.9254412909704186,0.014631211757659912,1,0.12008980988102991,1.2493029832839966,1.1707676649093628,1.1112701932857476,1.2477854852660926,0.07853531837463379,0,0.13651529198034495,41.71975326538086,43.50751495361328,38.27570606344307,48.80076203313729,1.7877616882324219,1,10.525055969694222,backgrounds/photographic/003.jpg
photographic,10784904,10784,7,,4,perspective-area,renders/photographic/10784/004.jpg,46.873146057128906,49.13764190673828,42.489454757665044,55.70155507678828,2.264495849609375,1,13.212100319123238,0.8900570273399353,0.8806557059288025,0.8103390171604232,0.9306341267083198,0.009401321411132812,1,0.12029510954789657,1.2493029832839966,1.1816483736038208,1.1202705081383897,1.2594833440662114,0.06765460968017578,1,0.13921283592782174,41.71975326538086,43.76714324951172,38.40826118124096,49.0285574210302,2.0473899841308594,1,10.62029623978924,backgrounds/photographic/004.jpg
photographic,10784905,10784,7,,5,perspective-area,renders/photographic/10784/005.jpg,46.873146057128906,52.16204071044922,45.96857755692781,58.60974776573494,5.2888946533203125,1,12.641170208807125,0.8900570273399353,0.9003554582595825,0.835441245753465,0.9497153026823852,0.010298430919647217,1,0.11427405692892023,1.2493029832839966,1.2010431289672852,1.1399880581207071,1.2788412395907471,0.048259854316711426,1,0.13885318147004,41.71975326538086,47.459415435791016,42.55405230954602,52.59740555243479,5.739662170410156,0,10.04335324288877,backgrounds/photographic/005.jpg
photographic,10784906,10784,7,,6,perspective-area,renders/photographic/10784/006.jpg,46.873146057128906,49.142311096191406,42.3985645340108,55.94063401760286,2.2691650390625,1,13.542069483592059,0.8900570273399353,0.8993074893951416,0.8262656804790893,0.9521338674208693,0.009250462055206299,1,0.12586818694177992,1.2493029832839966,1.2108958959579468,1.1468822809808898,1.2939923373991746,0.038407087326049805,1,0.14711005641828478,41.71975326538086,45.32294845581055,40.08567511129877,50.65044067994131,3.6031951904296875,1,10.564765568642542,backgrounds/photographic/006.jpg
photographic,10784907,10784,7,,7,perspective-area,renders/photographic/10784/007.jpg,46.873146057128906,48.334739685058594,41.62997301220457,55.11347673561704,1.4615936279296875,1,13.483503723412468,0.8900570273399353,0.8983258008956909,0.829370172881724,0.9486908318981548,0.008268773555755615,1,0.11932065901643085,1.2493029832839966,1.2006980180740356,1.1386108717374555,1.2793880825939254,0.04860496520996094,1,0.14077721085647,41.71975326538086,44.152957916259766,38.87870719997045,49.50893545474537,2.4332046508789062,1,10.63022825477492,backgrounds/photographic/007.jpg
photographic,10784908,10784,7,,8,perspective-area,renders/photographic/10784/008.jpg,46.873146057128906,47.27654266357422,40.65572833487204,53.95141422153938,0.4033966064453125,1,13.295685886667343,0.8900570273399353,0.8893803358078003,0.8189630855437571,0.9395960774333147,0.0006766915321350098,1,0.12063299188955767,1.2493029832839966,1.1850082874298096,1.1249917967506917,1.263407267633454,0.06429469585418701,1,0.1384154708827623,41.71975326538086,42.96565628051758,37.68646417139462,48.29129009787903,1.2459030151367188,1,10.60482592648441,backgrounds/photographic/008.jpg
photographic,10784909,10784,7,,9,perspective-area,renders/photographic/10784/009.jpg,46.873146057128906,48.22286605834961,41.5830132023475,54.920133560254726,1.3497200012207031,1,13.337120357907224,0.8900570273399353,0.8839091062545776,0.8143220505745461,0.9338597896247478,0.006147921085357666,1,0.11953773905020171,1.2493029832839966,1.1791305541992188,1.1187522408364998,1.257078543432442,0.07017242908477783,1,0.13832630259594225,41.71975326538086,43.383079528808594,38.08510643471891,48.717254632911136,1.6633262634277344,1,10.632148198192226,backgrounds/photographic/009.jpg
photographic,10784910,10784,7,,10,perspective-area,renders/photographic/10784/010.jpg,46.873146057128906,47.05492401123047,40.45051306096957,53.69381196261838,0.1817779541015625,1,13.243298901648814,0.8900570273399353,0.8809090852737427,0.8132799265731876,0.9302437625490683,0.009147942066192627,1,0.11696383597588067,1.2493029832839966,1.204434871673584,1.1413300143430547,1.2863488169585935,0.0448681116104126,1,0.1450188026155388,41.71975326538086,42.43220138549805,37.18703904271388,47.69727083390717,0.7124481201171875,1,10.510231791193291,backgrounds/photographic/010.jpg
photographic,10784911,10784,7,,11,perspective-area,renders/photographic/10784/011.jpg,46.873146057128906,47.6441650390625,40.990408528268745,54.332460620870734,0.7710189819335938,1,13.342052092601989,0.8900570273399353,0.8857473134994507,0.8166286880452276,0.9353145994740117,0.004309713840484619,1,0.11868591142878415,1.2493029832839966,1.178320050239563,1.1179756154052711,1.2563710301992046,0.0709829330444336,1,0.13839541479393347,41.71975326538086,43.22522735595703,37.943463014948065,48.538812297641925,1.5054740905761719,1,10.59534928269386,backgrounds/photographic/011.jpg
photographic,10784912,10784,7,,12,perspective-area,renders/photographic/10784/012.jpg,46.873146057128906,56.94197082519531,50.521185172917285,63.74391637094777,10.068824768066406,0,13.222731198030488,0.8900570273399353,0.977745532989502,0.9106346033384867,1.0322434379846896,0.08768850564956665,0,0.12160883464620298,1.2493029832839966,1.2195545434951782,1.1535637775991177,1.3033415648598634,0.02974843978881836,1,0.14977778726074575,41.71975326538086,55.89751052856445,50.87547391772932,61.29098234667072,14.177757263183594,0,10.415508428941394,backgrounds/photographic/012.jpg
photographic,10784913,10784,7,,13,perspective-area,renders/photographic/10784/013.jpg,46.873146057128906,50.873558044433594,44.00150738215052,57.844672247107155,4.0004119873046875,1,13.843164864956634,0.8900570273399353,0.9181969165802002,0.8465479754092016,0.9715450577655389,0.028139889240264893,1,0.12499708235633733,1.2493029832839966,1.2192896604537964,1.1530441280239643,1.3037304019030103,0.030013322830200195,1,0.15068627387904598,41.71975326538086,47.60197448730469,42.22069307916536,53.126513211966085,5.882221221923828,0,10.905820132800727,backgrounds/photographic/013.jpg
photographic,10784914,10784,7,,14,perspective-area,renders/photographic/10784/014.jpg,46.873146057128906,49.402217864990234,42.54789097693629,56.343594948852115,2.529071807861328,1,13.795703971915827,0.8900570273399353,0.9427095651626587,0.8713218268541993,0.9963552141594505,0.05265253782272339,1,0.12503338730525115,1.2493029832839966,1.1842012405395508,1.1209234671999297,1.2650616991045922,0.0651017427444458,1,0.14413823190466246,41.71975326538086,47.00738525390625,41.65900749144748,52.454793943976256,5.287631988525391,1,10.795786452528773,backgrounds/photographic/014.jpg
photographic,10784915,10784,7,,15,perspective-area,renders/photographic/10784/015.jpg,46.873146057128906,55.7385139465332,48.51031191270613,63.26236613977926,8.865367889404297,0,14.752054227073131,0.8900570273399353,0.9316532611846924,0.8556311265361245,0.988457654925476,0.04159623384475708,1,0.1328265283893515,1.2493029832839966,1.209140419960022,1.1402751286839816,1.2956618451111126,0.04016256332397461,1,0.15538671642713098,41.71975326538086,53.827945709228516,48.17720762686804,59.80405266417438,12.108192443847656,0,11.626845037306339,backgrounds/photographic/015.jpg
photographic,10784916,10784,7,,16,perspective-area,renders/photographic/10784/016.jpg,46.873146057128906,47.1584358215332,40.60128826921664,53.733589283930996,0.2852897644042969,1,13.132301014714358,0.8900570273399353,0.8867425918579102,0.819661969878112,0.9354555870434282,0.0033144354820251465,1,0.11579361716531622,1.2493029832839966,1.1682593822479248,1.1097996777070875,1.2433995190451128,0.08104360103607178,0,0.13359984133802527,41.71975326538086,42.489952087402344,37.28976688063449,47.70985363618638,0.7701988220214844,1,10.420086755551893,backgrounds/photographic/016.jpg
photographic,10866901,10866,8,,1,perspective-area,renders/photographic/10866/001.jpg,161.0198974609375,159.66033935546875,153.82606335525998,165.61925168970265,1.35955810546875,1,11.793188334442675,0.9404640197753906,0.9299796223640442,0.8992401471527387,0.963458032880574,0.010484397411346436,1,0.06421788572783527,1.1111589670181274,1.059329628944397,1.0060555074787203,1.1171429311628458,0.05182933807373047,1,0.1110874236841255,151.43348693847656,147.94334411621094,141.26405788467673,155.51277026825846,3.490142822265625,1,14.248712383581733,backgrounds/photographic/001.jpg
photographic,10866902,10866,8,,2,perspective-area,renders/photographic/10866/002.jpg,161.0198974609375,159.104248046875,153.3061080066036,165.02580559429043,1.9156494140625,1,11.719697587686824,0.9404640197753906,0.9381483793258667,0.9070488532642713,0.9721148183149637,0.0023156404495239258,1,0.0650659650506924,1.1111589670181274,1.0683679580688477,1.0151206683976852,1.1263341202075594,0.042791008949279785,1,0.11121345180987419,151.43348693847656,148.3581085205078,141.68832354742335,155.972776416158,3.07537841796875,1,14.284452868734661,backgrounds/photographic/002.jpg
photographic,10866903,10866,8,,3,perspective-area,renders/photographic/10866/003.jpg,161.0198974609375,159.9294891357422,154.14590730543932,165.8356984928032,1.0904083251953125,1,11.68979118736388,0.9404640197753906,0.9372193217277527,0.9061366094625569,0.971018800789544,0.0032446980476379395,1,0.06488219132698703,1.1111589670181274,1.0646246671676636,1.0115857982033845,1.1221219504729447,0.04653429985046387,1,0.11053615226956026,151.43348693847656,148.6966094970703,142.0460978021365,156.29601630401885,2.73687744140625,1,14.249918501882348,backgrounds/photographic/003.jpg
photographic,10866904,10866,8,,4,perspective-area,renders/photographic/10866/004.jpg,161.0198974609375,159.51231384277344,153.68814959150404,165.42224739308222,1.5075836181640625,1,11.734097801578173,0.9404640197753906,0.9366686940193176,0.905404135726819,0.9705369275861315,0.003795325756072998,1,0.06513279185931253,1.1111589670181274,1.0721592903137207,1.017602663275909,1.1312870794351397,0.03899967670440674,1,0.11368441615923075,151.43348693847656,148.74647521972656,142.02915933973418,156.35267567261326,2.68701171875,1,14.32351633287908,backgrounds/photographic/004.jpg
photographic,10866905,10866,8,,5,perspective-area,renders/photographic/10866/005.jpg,161.0198974609375,158.51223754882812,152.75079774019832,164.35197569913362,2.507659912109375,1,11.601177958935295,0.9404640197753906,0.9310206174850464,0.9000909428953605,0.9645029904886258,0.009443402290344238,1,0.06441204759326524,1.1111589670181274,1.0645923614501953,1.0105710151615312,1.1232705147423303,0.04656660556793213,1,0.11269949958079906,151.43348693847656,146.50462341308594,139.98326483495475,153.8570467296595,4.928863525390625,1,13.873781894704734,backgrounds/photographic/005.jpg
photographic,10866906,10866,8,,6,perspective-area,renders/photographic/10866/006.jpg,161.0198974609375,160.384765625,154.48498896536694,166.3929501644452,0.6351318359375,1,11.907961199078272,0.9404640197753906,0.9564756155014038,0.9232825040524446,0.9925844748533947,0.016011595726013184,1,0.06930197080095013,1.1111589670181274,1.0939781665802002,1.0393215301264718,1.1542022648815191,0.017180800437927246,1,0.11488073475504734,151.43348693847656,151.58807373046875,144.57171435590135,159.59854534599435,0.1545867919921875,1,15.026830990093003,backgrounds/photographic/006.jpg
photographic,10866907,10866,8,,7,perspective-area,renders/photographic/10866/007.jpg,161.0198974609375,160.12229919433594,154.15350081984434,166.21672702105207,0.8975982666015625,1,12.063226201207726,0.9404640197753906,0.9540166854858398,0.9206634681412282,0.990441794142086,0.013552665710449219,1,0.06977832600085776,1.1111589670181274,1.1012295484542847,1.042702628913048,1.1653204064761553,0.009929418563842773,1,0.12261777756310721,151.43348693847656,150.97174072265625,143.95801511662285,159.02250653528608,0.4617462158203125,1,15.064491418663238,backgrounds/photographic/007.jpg
photographic,10866908,10866,8,,8,perspective-area,renders/photographic/10866/008.jpg,161.0198974609375,160.0157928466797,154.22659087020293,165.90139500110308,1.0041046142578125,1,11.674804130900156,0.9404640197753906,0.9472062587738037,0.9157502159719897,0.9814939804966514,0.006742238998413086,1,0.06574376452466169,1.1111589670181274,1.069946527481079,1.0167585929917209,1.1281389981896837,0.04121243953704834,1,0.11138040519796277,151.43348693847656,150.25286865234375,143.47753602062585,157.9789178808569,1.1806182861328125,1,14.50138186023105,backgrounds/photographic/008.jpg
photographic,10866909,10866,8,,9,perspective-area,renders/photographic/10866/009.jpg,161.0198974609375,159.43345642089844,153.65050657490428,165.30465836143048,1.5864410400390625,1,11.6541517865262,0.9404640197753906,0.9432026743888855,0.9118634714079121,0.9773547077038458,0.002738654613494873,1,0.06549123629593367,1.1111589670181274,1.0826536417007446,1.0282371362565073,1.1418548794717935,0.028505325317382812,1,0.11361774321528628,151.43348693847656,149.4361114501953,142.71335573052056,157.08711058281915,1.99737548828125,1,14.373754852298589,backgrounds/photographic/009.jpg
photographic,10866910,10866,8,,10,perspective-area,renders/photographic/10866/010.jpg,161.0198974609375,159.3443603515625,153.61131469508837,165.22578689537477,1.675537109375,1,11.6144722002864,0.9404640197753906,0.9443502426147461,0.9126732643863562,0.9789991932245741,0.0038862228393554688,1,0.06632592883821786,1.1111589670181274,1.0826655626296997,1.028039281337442,1.1426226981270133,0.028493404388427734,1,0.1145834167895714,151.43348693847656,149.58755493164062,142.8475689505285,157.30405367238563,1.8459320068359375,1,14.456484721857123,backgrounds/photographic/010.jpg
photographic,10866911,10866,8,,11,perspective-area,renders/photographic/10866/011.jpg,161.0198974609375,159.67703247070312,153.84241790747183,165.56942845644517,1.342864990234375,1,11.72701054897334,0.9404640197753906,0.9639303088188171,0.9309258974288142,0.999655770775199,0.023466289043426514,1,0.0687298733463848,1.1111589670181274,1.1014211177825928,1.0456383590439486,1.1623282072170014,0.009737849235534668,1,0.11668984817305272,151.43348693847656,152.18386840820312,145.18181015062873,160.16401476359897,0.7503814697265625,1,14.982204612970236,backgrounds/photographic/011.jpg
photographic,10866912,10866,8,,12,perspective-area,renders/photographic/10866/012.jpg,161.0198974609375,166.68231201171875,160.02695296928505,173.32550535620976,5.66241455078125,1,13.298552386924712,0.9404640197753906,1.0014985799789429,0.9651879550701565,1.0414824303827004,0.061034560203552246,0,0.07629447531254385,1.1111589670181274,1.1410958766937256,1.079109281829517,1.2096272611935888,0.029936909675598145,1,0.13051797936407183,151.43348693847656,166.1630096435547,157.41380287623178,176.28335138674447,14.729522705078125,0,18.869548510512686,backgrounds/photographic/012.jpg
photographic,10866913,10866,8,,13,perspective-area,renders/photographic/10866/013.jpg,161.0198974609375,157.285888671875,151.15875565718306,163.49556335145826,3.7340087890625,1,12.336807694275194,0.9404640197753906,0.9699879884719849,0.9318499073736248,1.0109683508215923,0.02952396869659424,1,0.07911844344796748,1.1111589670181274,1.0931658744812012,1.0328366172276446,1.1611508660745926,0.01799309253692627,1,0.12831424884694798,151.43348693847656,150.0730438232422,142.6516010022824,158.55407387862215,1.360443115234375,1,15.902472876339743,backgrounds/photographic/013.jpg
photographic,10866914,10866,8,,14,perspective-area,renders/photographic/10866/014.jpg,161.0198974609375,160.2276611328125,154.31815642899892,166.2509230121941,0.792236328125,1,11.932766583195189,0.9404640197753906,0.9781928658485413,0.9437970860329088,1.0159303073779142,0.037728846073150635,0,0.07213322134500544,1.1111589670181274,1.144819736480713,1.086420200206362,1.210214240276457,0.03366076946258545,1,0.12379404007009498,151.43348693847656,155.75515747070312,148.33120395450533,164.35271332271805,4.3216705322265625,1,16.02150936821272,backgrounds/photographic/014.jpg
photographic,10866915,10866,8,,15,perspective-area,renders/photographic/10866/015.jpg,161.0198974609375,157.08502197265625,150.94825119725647,163.31810264253,3.93487548828125,1,12.369851445273525,0.9404640197753906,0.9667673110961914,0.9295704813134762,1.0068580415560433,0.02630329132080078,1,0.07728756024256711,1.1111589670181274,1.09481680393219,1.036403445218241,1.1603248685552217,0.0163421630859375,1,0.12392142333698075,151.43348693847656,149.39361572265625,142.1235284410941,157.7121644126819,2.0398712158203125,1,15.588635971587792,backgrounds/photographic/015.jpg
photographic,10866916,10866,8,,16,perspective-area,renders/photographic/10866/016.jpg,161.0198974609375,158.9229736328125,153.1356450383937,164.78954854537005,2.096923828125,1,11.653903506976349,0.9404640197753906,0.954605758190155,0.9219970600338883,0.9899879830926466,0.014141738414764404,1,0.06799092305875831,1.1111589670181274,1.0783361196517944,1.0237439879161911,1.138087544724499,0.03282284736633301,1,0.11434355680830777,151.43348693847656,150.38063049316406,143.53199540635978,158.1883265462311,1.0528564453125,1,14.656331139871327,backgrounds/photographic/016.jpg
